new_facility,New_VISN,covariate1,mn_num,attempters,Month,Month_No
1,116,16822,35,0,13,1
1,116,16822,36,3,14,2
1,116,16822,37,1,15,3
1,116,16822,38,0,16,4
1,116,16822,39,3,17,5
1,116,16822,40,2,18,6
1,116,16822,41,3,19,7
1,116,16822,42,3,20,8
1,116,16822,43,2,21,9
1,116,16822,44,1,22,10
1,116,16822,45,1,23,11
1,116,16822,46,4,24,12
1,116,16822,47,2,25,13
1,116,16822,48,3,26,14
1,116,16822,49,3,27,15
1,116,16822,50,0,28,16
1,116,16822,51,1,29,17
2,113,36085,35,9,13,1
2,113,36085,36,9,14,2
2,113,36085,37,6,15,3
2,113,36085,38,5,16,4
2,113,36085,39,2,17,5
2,113,36085,40,1,18,6
2,113,36085,41,4,19,7
2,113,36085,42,5,20,8
2,113,36085,43,1,21,9
2,113,36085,44,2,22,10
2,113,36085,45,2,23,11
2,113,36085,46,3,24,12
2,113,36085,47,1,25,13
2,113,36085,48,5,26,14
2,113,36085,49,2,27,15
2,113,36085,50,2,28,16
2,113,36085,51,4,29,17
3,107,91132,35,12,13,1
3,107,91132,36,9,14,2
3,107,91132,37,11,15,3
3,107,91132,38,8,16,4
3,107,91132,39,9,17,5
3,107,91132,40,9,18,6
3,107,91132,41,7,19,7
3,107,91132,42,6,20,8
3,107,91132,43,7,21,9
3,107,91132,44,6,22,10
3,107,91132,45,4,23,11
3,107,91132,46,15,24,12
3,107,91132,47,8,25,13
3,107,91132,48,5,26,14
3,107,91132,49,6,27,15
3,107,91132,50,14,28,16
3,107,91132,51,10,29,17
4,110,17743,35,0,13,1
4,110,17743,36,0,14,2
4,110,17743,37,0,15,3
4,110,17743,38,0,16,4
4,110,17743,39,1,17,5
4,110,17743,40,0,18,6
4,110,17743,41,0,19,7
4,110,17743,42,2,20,8
4,110,17743,43,0,21,9
4,110,17743,44,1,22,10
4,110,17743,45,0,23,11
4,110,17743,46,2,24,12
4,110,17743,47,0,25,13
4,110,17743,48,0,26,14
4,110,17743,49,0,27,15
4,110,17743,50,0,28,16
4,110,17743,51,0,29,17
5,105,26996,35,1,13,1
5,105,26996,36,3,14,2
5,105,26996,37,4,15,3
5,105,26996,38,5,16,4
5,105,26996,39,2,17,5
5,105,26996,40,6,18,6
5,105,26996,41,3,19,7
5,105,26996,42,2,20,8
5,105,26996,43,1,21,9
5,105,26996,44,5,22,10
5,105,26996,45,1,23,11
5,105,26996,46,6,24,12
5,105,26996,47,1,25,13
5,105,26996,48,1,26,14
5,105,26996,49,6,27,15
5,105,26996,50,1,28,16
5,105,26996,51,1,29,17
6,112,36381,35,8,13,1
6,112,36381,36,6,14,2
6,112,36381,37,8,15,3
6,112,36381,38,2,16,4
6,112,36381,39,11,17,5
6,112,36381,40,10,18,6
6,112,36381,41,6,19,7
6,112,36381,42,1,20,8
6,112,36381,43,2,21,9
6,112,36381,44,5,22,10
6,112,36381,45,3,23,11
6,112,36381,46,3,24,12
6,112,36381,47,1,25,13
6,112,36381,48,6,26,14
6,112,36381,49,5,27,15
6,112,36381,50,1,28,16
6,112,36381,51,2,29,17
7,102,47857,35,1,13,1
7,102,47857,36,0,14,2
7,102,47857,37,1,15,3
7,102,47857,38,0,16,4
7,102,47857,39,0,17,5
7,102,47857,40,0,18,6
7,102,47857,41,1,19,7
7,102,47857,42,1,20,8
7,102,47857,43,1,21,9
7,102,47857,44,8,22,10
7,102,47857,45,3,23,11
7,102,47857,46,1,24,12
7,102,47857,47,3,25,13
7,102,47857,48,3,26,14
7,102,47857,49,2,27,15
7,102,47857,50,2,28,16
7,102,47857,51,3,29,17
8,115,24134,35,7,13,1
8,115,24134,36,13,14,2
8,115,24134,37,8,15,3
8,115,24134,38,3,16,4
8,115,24134,39,2,17,5
8,115,24134,40,4,18,6
8,115,24134,41,7,19,7
8,115,24134,42,4,20,8
8,115,24134,43,2,21,9
8,115,24134,44,3,22,10
8,115,24134,45,2,23,11
8,115,24134,46,1,24,12
8,115,24134,47,4,25,13
8,115,24134,48,2,26,14
8,115,24134,49,3,27,15
8,115,24134,50,1,28,16
8,115,24134,51,0,29,17
9,105,40437,35,8,13,1
9,105,40437,36,11,14,2
9,105,40437,37,13,15,3
9,105,40437,38,9,16,4
9,105,40437,39,9,17,5
9,105,40437,40,17,18,6
9,105,40437,41,8,19,7
9,105,40437,42,12,20,8
9,105,40437,43,3,21,9
9,105,40437,44,2,22,10
9,105,40437,45,7,23,11
9,105,40437,46,6,24,12
9,105,40437,47,7,25,13
9,105,40437,48,3,26,14
9,105,40437,49,12,27,15
9,105,40437,50,7,28,16
9,105,40437,51,3,29,17
10,116,44601,35,2,13,1
10,116,44601,36,4,14,2
10,116,44601,37,2,15,3
10,116,44601,38,0,16,4
10,116,44601,39,2,17,5
10,116,44601,40,5,18,6
10,116,44601,41,0,19,7
10,116,44601,42,1,20,8
10,116,44601,43,0,21,9
10,116,44601,44,2,22,10
10,116,44601,45,4,23,11
10,116,44601,46,4,24,12
10,116,44601,47,4,25,13
10,116,44601,48,7,26,14
10,116,44601,49,3,27,15
10,116,44601,50,2,28,16
10,116,44601,51,12,29,17
11,103,44874,35,0,13,1
11,103,44874,36,1,14,2
11,103,44874,37,2,15,3
11,103,44874,38,7,16,4
11,103,44874,39,3,17,5
11,103,44874,40,2,18,6
11,103,44874,41,2,19,7
11,103,44874,42,6,20,8
11,103,44874,43,6,21,9
11,103,44874,44,1,22,10
11,103,44874,45,5,23,11
11,103,44874,46,3,24,12
11,103,44874,47,1,25,13
11,103,44874,48,1,26,14
11,103,44874,49,2,27,15
11,103,44874,50,2,28,16
11,103,44874,51,2,29,17
12,101,80686,35,11,13,1
12,101,80686,36,15,14,2
12,101,80686,37,14,15,3
12,101,80686,38,9,16,4
12,101,80686,39,8,17,5
12,101,80686,40,11,18,6
12,101,80686,41,4,19,7
12,101,80686,42,11,20,8
12,101,80686,43,8,21,9
12,101,80686,44,7,22,10
12,101,80686,45,15,23,11
12,101,80686,46,13,24,12
12,101,80686,47,8,25,13
12,101,80686,48,8,26,14
12,101,80686,49,13,27,15
12,101,80686,50,13,28,16
12,101,80686,51,8,29,17
13,115,53767,35,8,13,1
13,115,53767,36,7,14,2
13,115,53767,37,8,15,3
13,115,53767,38,8,16,4
13,115,53767,39,5,17,5
13,115,53767,40,4,18,6
13,115,53767,41,4,19,7
13,115,53767,42,9,20,8
13,115,53767,43,12,21,9
13,115,53767,44,6,22,10
13,115,53767,45,13,23,11
13,115,53767,46,6,24,12
13,115,53767,47,6,25,13
13,115,53767,48,7,26,14
13,115,53767,49,5,27,15
13,115,53767,50,9,28,16
13,115,53767,51,4,29,17
14,103,48507,35,5,13,1
14,103,48507,36,3,14,2
14,103,48507,37,4,15,3
14,103,48507,38,2,16,4
14,103,48507,39,1,17,5
14,103,48507,40,3,18,6
14,103,48507,41,8,19,7
14,103,48507,42,2,20,8
14,103,48507,43,4,21,9
14,103,48507,44,3,22,10
14,103,48507,45,3,23,11
14,103,48507,46,3,24,12
14,103,48507,47,0,25,13
14,103,48507,48,3,26,14
14,103,48507,49,6,27,15
14,103,48507,50,4,28,16
14,103,48507,51,2,29,17
15,119,14096,35,0,13,1
15,119,14096,36,1,14,2
15,119,14096,37,0,15,3
15,119,14096,38,0,16,4
15,119,14096,39,3,17,5
15,119,14096,40,2,18,6
15,119,14096,41,3,19,7
15,119,14096,42,4,20,8
15,119,14096,43,2,21,9
15,119,14096,44,3,22,10
15,119,14096,45,3,23,11
15,119,14096,46,5,24,12
15,119,14096,47,2,25,13
15,119,14096,48,4,26,14
15,119,14096,49,4,27,15
15,119,14096,50,3,28,16
15,119,14096,51,1,29,17
16,106,24347,35,14,13,1
16,106,24347,36,8,14,2
16,106,24347,37,14,15,3
16,106,24347,38,16,16,4
16,106,24347,39,11,17,5
16,106,24347,40,6,18,6
16,106,24347,41,7,19,7
16,106,24347,42,5,20,8
16,106,24347,43,6,21,9
16,106,24347,44,10,22,10
16,106,24347,45,6,23,11
16,106,24347,46,10,24,12
16,106,24347,47,6,25,13
16,106,24347,48,4,26,14
16,106,24347,49,4,27,15
16,106,24347,50,7,28,16
16,106,24347,51,5,29,17
17,117,11208,35,5,13,1
17,117,11208,36,6,14,2
17,117,11208,37,5,15,3
17,117,11208,38,7,16,4
17,117,11208,39,5,17,5
17,117,11208,40,8,18,6
17,117,11208,41,5,19,7
17,117,11208,42,6,20,8
17,117,11208,43,4,21,9
17,117,11208,44,1,22,10
17,117,11208,45,9,23,11
17,117,11208,46,5,24,12
17,117,11208,47,5,25,13
17,117,11208,48,0,26,14
17,117,11208,49,1,27,15
17,117,11208,50,4,28,16
17,117,11208,51,3,29,17
18,118,56830,35,2,13,1
18,118,56830,36,7,14,2
18,118,56830,37,5,15,3
18,118,56830,38,6,16,4
18,118,56830,39,8,17,5
18,118,56830,40,7,18,6
18,118,56830,41,7,19,7
18,118,56830,42,6,20,8
18,118,56830,43,10,21,9
18,118,56830,44,2,22,10
18,118,56830,45,9,23,11
18,118,56830,46,8,24,12
18,118,56830,47,5,25,13
18,118,56830,48,10,26,14
18,118,56830,49,2,27,15
18,118,56830,50,9,28,16
18,118,56830,51,0,29,17
19,119,52704,35,2,13,1
19,119,52704,36,1,14,2
19,119,52704,37,5,15,3
19,119,52704,38,1,16,4
19,119,52704,39,4,17,5
19,119,52704,40,2,18,6
19,119,52704,41,2,19,7
19,119,52704,42,6,20,8
19,119,52704,43,2,21,9
19,119,52704,44,1,22,10
19,119,52704,45,1,23,11
19,119,52704,46,5,24,12
19,119,52704,47,6,25,13
19,119,52704,48,2,26,14
19,119,52704,49,4,27,15
19,119,52704,50,8,28,16
19,119,52704,51,7,29,17
20,121,38038,35,3,13,1
20,121,38038,36,3,14,2
20,121,38038,37,4,15,3
20,121,38038,38,3,16,4
20,121,38038,39,4,17,5
20,121,38038,40,1,18,6
20,121,38038,41,1,19,7
20,121,38038,42,3,20,8
20,121,38038,43,1,21,9
20,121,38038,44,5,22,10
20,121,38038,45,3,23,11
20,121,38038,46,4,24,12
20,121,38038,47,5,25,13
20,121,38038,48,4,26,14
20,121,38038,49,2,27,15
20,121,38038,50,1,28,16
20,121,38038,51,3,29,17
21,103,35196,35,5,13,1
21,103,35196,36,9,14,2
21,103,35196,37,3,15,3
21,103,35196,38,7,16,4
21,103,35196,39,6,17,5
21,103,35196,40,6,18,6
21,103,35196,41,7,19,7
21,103,35196,42,10,20,8
21,103,35196,43,7,21,9
21,103,35196,44,3,22,10
21,103,35196,45,5,23,11
21,103,35196,46,4,24,12
21,103,35196,47,7,25,13
21,103,35196,48,2,26,14
21,103,35196,49,4,27,15
21,103,35196,50,5,28,16
21,103,35196,51,4,29,17
22,114,52921,35,6,13,1
22,114,52921,36,1,14,2
22,114,52921,37,6,15,3
22,114,52921,38,3,16,4
22,114,52921,39,3,17,5
22,114,52921,40,9,18,6
22,114,52921,41,6,19,7
22,114,52921,42,1,20,8
22,114,52921,43,1,21,9
22,114,52921,44,4,22,10
22,114,52921,45,2,23,11
22,114,52921,46,1,24,12
22,114,52921,47,3,25,13
22,114,52921,48,2,26,14
22,114,52921,49,5,27,15
22,114,52921,50,2,28,16
22,114,52921,51,5,29,17
23,107,52274,35,1,13,1
23,107,52274,36,4,14,2
23,107,52274,37,5,15,3
23,107,52274,38,5,16,4
23,107,52274,39,6,17,5
23,107,52274,40,1,18,6
23,107,52274,41,5,19,7
23,107,52274,42,4,20,8
23,107,52274,43,4,21,9
23,107,52274,44,2,22,10
23,107,52274,45,8,23,11
23,107,52274,46,7,24,12
23,107,52274,47,7,25,13
23,107,52274,48,7,26,14
23,107,52274,49,4,27,15
23,107,52274,50,3,28,16
23,107,52274,51,1,29,17
24,104,15329,35,0,13,1
24,104,15329,36,0,14,2
24,104,15329,37,0,15,3
24,104,15329,38,0,16,4
24,104,15329,39,0,17,5
24,104,15329,40,2,18,6
24,104,15329,41,1,19,7
24,104,15329,42,0,20,8
24,104,15329,43,0,21,9
24,104,15329,44,0,22,10
24,104,15329,45,0,23,11
24,104,15329,46,0,24,12
24,104,15329,47,0,25,13
24,104,15329,48,0,26,14
24,104,15329,49,0,27,15
24,104,15329,50,0,28,16
24,104,15329,51,0,29,17
25,112,34320,35,8,13,1
25,112,34320,36,1,14,2
25,112,34320,37,3,15,3
25,112,34320,38,2,16,4
25,112,34320,39,3,17,5
25,112,34320,40,5,18,6
25,112,34320,41,2,19,7
25,112,34320,42,4,20,8
25,112,34320,43,4,21,9
25,112,34320,44,3,22,10
25,112,34320,45,4,23,11
25,112,34320,46,8,24,12
25,112,34320,47,2,25,13
25,112,34320,48,2,26,14
25,112,34320,49,4,27,15
25,112,34320,50,4,28,16
25,112,34320,51,4,29,17
26,111,36220,35,3,13,1
26,111,36220,36,2,14,2
26,111,36220,37,1,15,3
26,111,36220,38,3,16,4
26,111,36220,39,2,17,5
26,111,36220,40,2,18,6
26,111,36220,41,4,19,7
26,111,36220,42,1,20,8
26,111,36220,43,4,21,9
26,111,36220,44,3,22,10
26,111,36220,45,5,23,11
26,111,36220,46,6,24,12
26,111,36220,47,1,25,13
26,111,36220,48,4,26,14
26,111,36220,49,2,27,15
26,111,36220,50,1,28,16
26,111,36220,51,0,29,17
27,105,42122,35,4,13,1
27,105,42122,36,4,14,2
27,105,42122,37,2,15,3
27,105,42122,38,7,16,4
27,105,42122,39,2,17,5
27,105,42122,40,9,18,6
27,105,42122,41,2,19,7
27,105,42122,42,3,20,8
27,105,42122,43,6,21,9
27,105,42122,44,5,22,10
27,105,42122,45,6,23,11
27,105,42122,46,5,24,12
27,105,42122,47,5,25,13
27,105,42122,48,7,26,14
27,105,42122,49,5,27,15
27,105,42122,50,1,28,16
27,105,42122,51,2,29,17
28,120,109840,35,12,13,1
28,120,109840,36,11,14,2
28,120,109840,37,12,15,3
28,120,109840,38,9,16,4
28,120,109840,39,9,17,5
28,120,109840,40,15,18,6
28,120,109840,41,18,19,7
28,120,109840,42,11,20,8
28,120,109840,43,14,21,9
28,120,109840,44,9,22,10
28,120,109840,45,7,23,11
28,120,109840,46,7,24,12
28,120,109840,47,6,25,13
28,120,109840,48,14,26,14
28,120,109840,49,15,27,15
28,120,109840,50,8,28,16
28,120,109840,51,7,29,17
29,121,33449,35,8,13,1
29,121,33449,36,12,14,2
29,121,33449,37,13,15,3
29,121,33449,38,9,16,4
29,121,33449,39,13,17,5
29,121,33449,40,13,18,6
29,121,33449,41,9,19,7
29,121,33449,42,13,20,8
29,121,33449,43,8,21,9
29,121,33449,44,8,22,10
29,121,33449,45,14,23,11
29,121,33449,46,14,24,12
29,121,33449,47,16,25,13
29,121,33449,48,13,26,14
29,121,33449,49,14,27,15
29,121,33449,50,12,28,16
29,121,33449,51,10,29,17
30,113,40125,35,4,13,1
30,113,40125,36,3,14,2
30,113,40125,37,3,15,3
30,113,40125,38,3,16,4
30,113,40125,39,2,17,5
30,113,40125,40,4,18,6
30,113,40125,41,2,19,7
30,113,40125,42,2,20,8
30,113,40125,43,2,21,9
30,113,40125,44,4,22,10
30,113,40125,45,4,23,11
30,113,40125,46,7,24,12
30,113,40125,47,3,25,13
30,113,40125,48,5,26,14
30,113,40125,49,2,27,15
30,113,40125,50,9,28,16
30,113,40125,51,5,29,17
31,108,31912,35,5,13,1
31,108,31912,36,8,14,2
31,108,31912,37,5,15,3
31,108,31912,38,1,16,4
31,108,31912,39,7,17,5
31,108,31912,40,2,18,6
31,108,31912,41,6,19,7
31,108,31912,42,6,20,8
31,108,31912,43,4,21,9
31,108,31912,44,4,22,10
31,108,31912,45,8,23,11
31,108,31912,46,6,24,12
31,108,31912,47,3,25,13
31,108,31912,48,3,26,14
31,108,31912,49,1,27,15
31,108,31912,50,3,28,16
31,108,31912,51,3,29,17
32,110,33742,35,3,13,1
32,110,33742,36,2,14,2
32,110,33742,37,3,15,3
32,110,33742,38,5,16,4
32,110,33742,39,1,17,5
32,110,33742,40,2,18,6
32,110,33742,41,1,19,7
32,110,33742,42,1,20,8
32,110,33742,43,1,21,9
32,110,33742,44,2,22,10
32,110,33742,45,1,23,11
32,110,33742,46,0,24,12
32,110,33742,47,5,25,13
32,110,33742,48,2,26,14
32,110,33742,49,1,27,15
32,110,33742,50,2,28,16
32,110,33742,51,2,29,17
33,107,70084,35,43,13,1
33,107,70084,36,33,14,2
33,107,70084,37,41,15,3
33,107,70084,38,48,16,4
33,107,70084,39,28,17,5
33,107,70084,40,35,18,6
33,107,70084,41,26,19,7
33,107,70084,42,38,20,8
33,107,70084,43,35,21,9
33,107,70084,44,35,22,10
33,107,70084,45,31,23,11
33,107,70084,46,38,24,12
33,107,70084,47,37,25,13
33,107,70084,48,29,26,14
33,107,70084,49,43,27,15
33,107,70084,50,43,28,16
33,107,70084,51,40,29,17
34,116,24202,35,1,13,1
34,116,24202,36,2,14,2
34,116,24202,37,1,15,3
34,116,24202,38,0,16,4
34,116,24202,39,6,17,5
34,116,24202,40,2,18,6
34,116,24202,41,2,19,7
34,116,24202,42,1,20,8
34,116,24202,43,3,21,9
34,116,24202,44,5,22,10
34,116,24202,45,5,23,11
34,116,24202,46,5,24,12
34,116,24202,47,1,25,13
34,116,24202,48,6,26,14
34,116,24202,49,0,27,15
34,116,24202,50,5,28,16
34,116,24202,51,2,29,17
35,101,60587,35,5,13,1
35,101,60587,36,11,14,2
35,101,60587,37,14,15,3
35,101,60587,38,11,16,4
35,101,60587,39,12,17,5
35,101,60587,40,13,18,6
35,101,60587,41,17,19,7
35,101,60587,42,13,20,8
35,101,60587,43,12,21,9
35,101,60587,44,7,22,10
35,101,60587,45,8,23,11
35,101,60587,46,17,24,12
35,101,60587,47,17,25,13
35,101,60587,48,16,26,14
35,101,60587,49,11,27,15
35,101,60587,50,7,28,16
35,101,60587,51,6,29,17
36,106,22100,35,5,13,1
36,106,22100,36,7,14,2
36,106,22100,37,5,15,3
36,106,22100,38,3,16,4
36,106,22100,39,7,17,5
36,106,22100,40,5,18,6
36,106,22100,41,8,19,7
36,106,22100,42,5,20,8
36,106,22100,43,4,21,9
36,106,22100,44,6,22,10
36,106,22100,45,8,23,11
36,106,22100,46,9,24,12
36,106,22100,47,2,25,13
36,106,22100,48,6,26,14
36,106,22100,49,5,27,15
36,106,22100,50,0,28,16
36,106,22100,51,4,29,17
37,101,39521,35,3,13,1
37,101,39521,36,4,14,2
37,101,39521,37,5,15,3
37,101,39521,38,6,16,4
37,101,39521,39,7,17,5
37,101,39521,40,3,18,6
37,101,39521,41,3,19,7
37,101,39521,42,2,20,8
37,101,39521,43,9,21,9
37,101,39521,44,2,22,10
37,101,39521,45,3,23,11
37,101,39521,46,7,24,12
37,101,39521,47,3,25,13
37,101,39521,48,5,26,14
37,101,39521,49,2,27,15
37,101,39521,50,8,28,16
37,101,39521,51,5,29,17
38,103,30006,35,2,13,1
38,103,30006,36,4,14,2
38,103,30006,37,10,15,3
38,103,30006,38,2,16,4
38,103,30006,39,3,17,5
38,103,30006,40,5,18,6
38,103,30006,41,4,19,7
38,103,30006,42,6,20,8
38,103,30006,43,6,21,9
38,103,30006,44,7,22,10
38,103,30006,45,5,23,11
38,103,30006,46,8,24,12
38,103,30006,47,3,25,13
38,103,30006,48,5,26,14
38,103,30006,49,9,27,15
38,103,30006,50,5,28,16
38,103,30006,51,4,29,17
39,118,53018,35,3,13,1
39,118,53018,36,4,14,2
39,118,53018,37,1,15,3
39,118,53018,38,0,16,4
39,118,53018,39,0,17,5
39,118,53018,40,1,18,6
39,118,53018,41,11,19,7
39,118,53018,42,13,20,8
39,118,53018,43,11,21,9
39,118,53018,44,12,22,10
39,118,53018,45,12,23,11
39,118,53018,46,4,24,12
39,118,53018,47,4,25,13
39,118,53018,48,6,26,14
39,118,53018,49,9,27,15
39,118,53018,50,4,28,16
39,118,53018,51,4,29,17
40,118,30883,35,9,13,1
40,118,30883,36,3,14,2
40,118,30883,37,7,15,3
40,118,30883,38,3,16,4
40,118,30883,39,3,17,5
40,118,30883,40,8,18,6
40,118,30883,41,5,19,7
40,118,30883,42,4,20,8
40,118,30883,43,5,21,9
40,118,30883,44,2,22,10
40,118,30883,45,4,23,11
40,118,30883,46,3,24,12
40,118,30883,47,3,25,13
40,118,30883,48,4,26,14
40,118,30883,49,4,27,15
40,118,30883,50,5,28,16
40,118,30883,51,2,29,17
41,108,76553,35,9,13,1
41,108,76553,36,6,14,2
41,108,76553,37,12,15,3
41,108,76553,38,12,16,4
41,108,76553,39,14,17,5
41,108,76553,40,12,18,6
41,108,76553,41,9,19,7
41,108,76553,42,6,20,8
41,108,76553,43,12,21,9
41,108,76553,44,12,22,10
41,108,76553,45,12,23,11
41,108,76553,46,18,24,12
41,108,76553,47,15,25,13
41,108,76553,48,9,26,14
41,108,76553,49,21,27,15
41,108,76553,50,14,28,16
41,108,76553,51,16,29,17
42,111,45131,35,10,13,1
42,111,45131,36,6,14,2
42,111,45131,37,7,15,3
42,111,45131,38,4,16,4
42,111,45131,39,7,17,5
42,111,45131,40,5,18,6
42,111,45131,41,11,19,7
42,111,45131,42,7,20,8
42,111,45131,43,7,21,9
42,111,45131,44,7,22,10
42,111,45131,45,4,23,11
42,111,45131,46,7,24,12
42,111,45131,47,9,25,13
42,111,45131,48,10,26,14
42,111,45131,49,5,27,15
42,111,45131,50,8,28,16
42,111,45131,51,1,29,17
43,117,42707,35,21,13,1
43,117,42707,36,11,14,2
43,117,42707,37,10,15,3
43,117,42707,38,8,16,4
43,117,42707,39,1,17,5
43,117,42707,40,7,18,6
43,117,42707,41,8,19,7
43,117,42707,42,11,20,8
43,117,42707,43,5,21,9
43,117,42707,44,10,22,10
43,117,42707,45,7,23,11
43,117,42707,46,7,24,12
43,117,42707,47,6,25,13
43,117,42707,48,8,26,14
43,117,42707,49,9,27,15
43,117,42707,50,20,28,16
43,117,42707,51,38,29,17
44,119,73285,35,24,13,1
44,119,73285,36,28,14,2
44,119,73285,37,26,15,3
44,119,73285,38,25,16,4
44,119,73285,39,21,17,5
44,119,73285,40,17,18,6
44,119,73285,41,12,19,7
44,119,73285,42,10,20,8
44,119,73285,43,10,21,9
44,119,73285,44,16,22,10
44,119,73285,45,25,23,11
44,119,73285,46,18,24,12
44,119,73285,47,15,25,13
44,119,73285,48,26,26,14
44,119,73285,49,20,27,15
44,119,73285,50,25,28,16
44,119,73285,51,21,29,17
45,113,18023,35,13,13,1
45,113,18023,36,14,14,2
45,113,18023,37,4,15,3
45,113,18023,38,5,16,4
45,113,18023,39,8,17,5
45,113,18023,40,11,18,6
45,113,18023,41,2,19,7
45,113,18023,42,5,20,8
45,113,18023,43,6,21,9
45,113,18023,44,9,22,10
45,113,18023,45,6,23,11
45,113,18023,46,13,24,12
45,113,18023,47,7,25,13
45,113,18023,48,6,26,14
45,113,18023,49,4,27,15
45,113,18023,50,4,28,16
45,113,18023,51,10,29,17
46,119,41957,35,20,13,1
46,119,41957,36,17,14,2
46,119,41957,37,16,15,3
46,119,41957,38,20,16,4
46,119,41957,39,8,17,5
46,119,41957,40,14,18,6
46,119,41957,41,20,19,7
46,119,41957,42,9,20,8
46,119,41957,43,11,21,9
46,119,41957,44,16,22,10
46,119,41957,45,6,23,11
46,119,41957,46,8,24,12
46,119,41957,47,5,25,13
46,119,41957,48,14,26,14
46,119,41957,49,14,27,15
46,119,41957,50,15,28,16
46,119,41957,51,12,29,17
47,107,75090,35,6,13,1
47,107,75090,36,22,14,2
47,107,75090,37,13,15,3
47,107,75090,38,6,16,4
47,107,75090,39,6,17,5
47,107,75090,40,9,18,6
47,107,75090,41,14,19,7
47,107,75090,42,13,20,8
47,107,75090,43,10,21,9
47,107,75090,44,10,22,10
47,107,75090,45,10,23,11
47,107,75090,46,14,24,12
47,107,75090,47,13,25,13
47,107,75090,48,8,26,14
47,107,75090,49,5,27,15
47,107,75090,50,12,28,16
47,107,75090,51,17,29,17
48,104,16302,35,2,13,1
48,104,16302,36,5,14,2
48,104,16302,37,9,15,3
48,104,16302,38,2,16,4
48,104,16302,39,3,17,5
48,104,16302,40,4,18,6
48,104,16302,41,3,19,7
48,104,16302,42,4,20,8
48,104,16302,43,8,21,9
48,104,16302,44,3,22,10
48,104,16302,45,4,23,11
48,104,16302,46,1,24,12
48,104,16302,47,8,25,13
48,104,16302,48,3,26,14
48,104,16302,49,3,27,15
48,104,16302,50,0,28,16
48,104,16302,51,5,29,17
49,106,16846,35,7,13,1
49,106,16846,36,2,14,2
49,106,16846,37,6,15,3
49,106,16846,38,5,16,4
49,106,16846,39,6,17,5
49,106,16846,40,5,18,6
49,106,16846,41,2,19,7
49,106,16846,42,3,20,8
49,106,16846,43,2,21,9
49,106,16846,44,2,22,10
49,106,16846,45,6,23,11
49,106,16846,46,5,24,12
49,106,16846,47,9,25,13
49,106,16846,48,1,26,14
49,106,16846,49,4,27,15
49,106,16846,50,2,28,16
49,106,16846,51,5,29,17
50,121,45224,35,5,13,1
50,121,45224,36,4,14,2
50,121,45224,37,5,15,3
50,121,45224,38,5,16,4
50,121,45224,39,3,17,5
50,121,45224,40,0,18,6
50,121,45224,41,4,19,7
50,121,45224,42,2,20,8
50,121,45224,43,6,21,9
50,121,45224,44,5,22,10
50,121,45224,45,2,23,11
50,121,45224,46,3,24,12
50,121,45224,47,3,25,13
50,121,45224,48,3,26,14
50,121,45224,49,5,27,15
50,121,45224,50,3,28,16
50,121,45224,51,2,29,17
51,115,17942,35,1,13,1
51,115,17942,36,2,14,2
51,115,17942,37,2,15,3
51,115,17942,38,0,16,4
51,115,17942,39,3,17,5
51,115,17942,40,4,18,6
51,115,17942,41,3,19,7
51,115,17942,42,2,20,8
51,115,17942,43,2,21,9
51,115,17942,44,0,22,10
51,115,17942,45,0,23,11
51,115,17942,46,1,24,12
51,115,17942,47,1,25,13
51,115,17942,48,6,26,14
51,115,17942,49,2,27,15
51,115,17942,50,1,28,16
51,115,17942,51,1,29,17
52,109,33039,35,0,13,1
52,109,33039,36,2,14,2
52,109,33039,37,4,15,3
52,109,33039,38,9,16,4
52,109,33039,39,7,17,5
52,109,33039,40,2,18,6
52,109,33039,41,6,19,7
52,109,33039,42,8,20,8
52,109,33039,43,9,21,9
52,109,33039,44,4,22,10
52,109,33039,45,7,23,11
52,109,33039,46,3,24,12
52,109,33039,47,3,25,13
52,109,33039,48,6,26,14
52,109,33039,49,2,27,15
52,109,33039,50,3,28,16
52,109,33039,51,8,29,17
53,105,35401,35,6,13,1
53,105,35401,36,6,14,2
53,105,35401,37,3,15,3
53,105,35401,38,5,16,4
53,105,35401,39,11,17,5
53,105,35401,40,7,18,6
53,105,35401,41,2,19,7
53,105,35401,42,7,20,8
53,105,35401,43,8,21,9
53,105,35401,44,7,22,10
53,105,35401,45,6,23,11
53,105,35401,46,10,24,12
53,105,35401,47,8,25,13
53,105,35401,48,7,26,14
53,105,35401,49,7,27,15
53,105,35401,50,9,28,16
53,105,35401,51,7,29,17
54,107,60521,35,26,13,1
54,107,60521,36,22,14,2
54,107,60521,37,31,15,3
54,107,60521,38,23,16,4
54,107,60521,39,35,17,5
54,107,60521,40,20,18,6
54,107,60521,41,23,19,7
54,107,60521,42,41,20,8
54,107,60521,43,19,21,9
54,107,60521,44,14,22,10
54,107,60521,45,19,23,11
54,107,60521,46,24,24,12
54,107,60521,47,17,25,13
54,107,60521,48,14,26,14
54,107,60521,49,20,27,15
54,107,60521,50,15,28,16
54,107,60521,51,17,29,17
55,110,11203,35,3,13,1
55,110,11203,36,2,14,2
55,110,11203,37,3,15,3
55,110,11203,38,2,16,4
55,110,11203,39,1,17,5
55,110,11203,40,0,18,6
55,110,11203,41,3,19,7
55,110,11203,42,1,20,8
55,110,11203,43,0,21,9
55,110,11203,44,0,22,10
55,110,11203,45,0,23,11
55,110,11203,46,0,24,12
55,110,11203,47,0,25,13
55,110,11203,48,0,26,14
55,110,11203,49,0,27,15
55,110,11203,50,0,28,16
55,110,11203,51,0,29,17
56,102,68941,35,40,13,1
56,102,68941,36,32,14,2
56,102,68941,37,38,15,3
56,102,68941,38,38,16,4
56,102,68941,39,14,17,5
56,102,68941,40,7,18,6
56,102,68941,41,25,19,7
56,102,68941,42,31,20,8
56,102,68941,43,25,21,9
56,102,68941,44,38,22,10
56,102,68941,45,15,23,11
56,102,68941,46,32,24,12
56,102,68941,47,32,25,13
56,102,68941,48,30,26,14
56,102,68941,49,27,27,15
56,102,68941,50,28,28,16
56,102,68941,51,21,29,17
57,116,21566,35,7,13,1
57,116,21566,36,4,14,2
57,116,21566,37,3,15,3
57,116,21566,38,5,16,4
57,116,21566,39,1,17,5
57,116,21566,40,3,18,6
57,116,21566,41,4,19,7
57,116,21566,42,5,20,8
57,116,21566,43,2,21,9
57,116,21566,44,8,22,10
57,116,21566,45,4,23,11
57,116,21566,46,12,24,12
57,116,21566,47,4,25,13
57,116,21566,48,4,26,14
57,116,21566,49,5,27,15
57,116,21566,50,6,28,16
57,116,21566,51,5,29,17
58,108,49410,35,4,13,1
58,108,49410,36,1,14,2
58,108,49410,37,0,15,3
58,108,49410,38,0,16,4
58,108,49410,39,2,17,5
58,108,49410,40,2,18,6
58,108,49410,41,4,19,7
58,108,49410,42,2,20,8
58,108,49410,43,2,21,9
58,108,49410,44,1,22,10
58,108,49410,45,1,23,11
58,108,49410,46,3,24,12
58,108,49410,47,3,25,13
58,108,49410,48,5,26,14
58,108,49410,49,3,27,15
58,108,49410,50,1,28,16
58,108,49410,51,3,29,17
59,101,23678,35,3,13,1
59,101,23678,36,6,14,2
59,101,23678,37,4,15,3
59,101,23678,38,1,16,4
59,101,23678,39,5,17,5
59,101,23678,40,2,18,6
59,101,23678,41,1,19,7
59,101,23678,42,2,20,8
59,101,23678,43,2,21,9
59,101,23678,44,3,22,10
59,101,23678,45,2,23,11
59,101,23678,46,9,24,12
59,101,23678,47,2,25,13
59,101,23678,48,2,26,14
59,101,23678,49,4,27,15
59,101,23678,50,2,28,16
59,101,23678,51,4,29,17
60,117,31864,35,11,13,1
60,117,31864,36,11,14,2
60,117,31864,37,8,15,3
60,117,31864,38,13,16,4
60,117,31864,39,11,17,5
60,117,31864,40,9,18,6
60,117,31864,41,11,19,7
60,117,31864,42,11,20,8
60,117,31864,43,14,21,9
60,117,31864,44,17,22,10
60,117,31864,45,11,23,11
60,117,31864,46,11,24,12
60,117,31864,47,8,25,13
60,117,31864,48,8,26,14
60,117,31864,49,8,27,15
60,117,31864,50,16,28,16
60,117,31864,51,12,29,17
61,115,43456,35,14,13,1
61,115,43456,36,11,14,2
61,115,43456,37,14,15,3
61,115,43456,38,18,16,4
61,115,43456,39,9,17,5
61,115,43456,40,9,18,6
61,115,43456,41,4,19,7
61,115,43456,42,14,20,8
61,115,43456,43,10,21,9
61,115,43456,44,5,22,10
61,115,43456,45,11,23,11
61,115,43456,46,12,24,12
61,115,43456,47,14,25,13
61,115,43456,48,7,26,14
61,115,43456,49,16,27,15
61,115,43456,50,8,28,16
61,115,43456,51,8,29,17
62,113,32451,35,8,13,1
62,113,32451,36,5,14,2
62,113,32451,37,3,15,3
62,113,32451,38,7,16,4
62,113,32451,39,6,17,5
62,113,32451,40,8,18,6
62,113,32451,41,10,19,7
62,113,32451,42,6,20,8
62,113,32451,43,7,21,9
62,113,32451,44,5,22,10
62,113,32451,45,2,23,11
62,113,32451,46,5,24,12
62,113,32451,47,8,25,13
62,113,32451,48,10,26,14
62,113,32451,49,7,27,15
62,113,32451,50,5,28,16
62,113,32451,51,0,29,17
63,106,67205,35,18,13,1
63,106,67205,36,13,14,2
63,106,67205,37,11,15,3
63,106,67205,38,5,16,4
63,106,67205,39,8,17,5
63,106,67205,40,11,18,6
63,106,67205,41,11,19,7
63,106,67205,42,12,20,8
63,106,67205,43,9,21,9
63,106,67205,44,12,22,10
63,106,67205,45,10,23,11
63,106,67205,46,10,24,12
63,106,67205,47,6,25,13
63,106,67205,48,18,26,14
63,106,67205,49,13,27,15
63,106,67205,50,6,28,16
63,106,67205,51,4,29,17
64,108,20671,35,3,13,1
64,108,20671,36,5,14,2
64,108,20671,37,1,15,3
64,108,20671,38,4,16,4
64,108,20671,39,2,17,5
64,108,20671,40,1,18,6
64,108,20671,41,1,19,7
64,108,20671,42,2,20,8
64,108,20671,43,0,21,9
64,108,20671,44,2,22,10
64,108,20671,45,2,23,11
64,108,20671,46,0,24,12
64,108,20671,47,1,25,13
64,108,20671,48,2,26,14
64,108,20671,49,4,27,15
64,108,20671,50,2,28,16
64,108,20671,51,1,29,17
65,104,23699,35,13,13,1
65,104,23699,36,6,14,2
65,104,23699,37,4,15,3
65,104,23699,38,2,16,4
65,104,23699,39,8,17,5
65,104,23699,40,6,18,6
65,104,23699,41,3,19,7
65,104,23699,42,5,20,8
65,104,23699,43,5,21,9
65,104,23699,44,0,22,10
65,104,23699,45,3,23,11
65,104,23699,46,6,24,12
65,104,23699,47,3,25,13
65,104,23699,48,1,26,14
65,104,23699,49,1,27,15
65,104,23699,50,7,28,16
65,104,23699,51,4,29,17
66,112,30599,35,3,13,1
66,112,30599,36,4,14,2
66,112,30599,37,6,15,3
66,112,30599,38,5,16,4
66,112,30599,39,4,17,5
66,112,30599,40,6,18,6
66,112,30599,41,3,19,7
66,112,30599,42,4,20,8
66,112,30599,43,4,21,9
66,112,30599,44,3,22,10
66,112,30599,45,4,23,11
66,112,30599,46,3,24,12
66,112,30599,47,3,25,13
66,112,30599,48,3,26,14
66,112,30599,49,0,27,15
66,112,30599,50,3,28,16
66,112,30599,51,0,29,17
67,121,51566,35,7,13,1
67,121,51566,36,5,14,2
67,121,51566,37,6,15,3
67,121,51566,38,12,16,4
67,121,51566,39,11,17,5
67,121,51566,40,7,18,6
67,121,51566,41,2,19,7
67,121,51566,42,7,20,8
67,121,51566,43,7,21,9
67,121,51566,44,6,22,10
67,121,51566,45,10,23,11
67,121,51566,46,10,24,12
67,121,51566,47,10,25,13
67,121,51566,48,15,26,14
67,121,51566,49,12,27,15
67,121,51566,50,8,28,16
67,121,51566,51,8,29,17
68,105,31752,35,4,13,1
68,105,31752,36,3,14,2
68,105,31752,37,0,15,3
68,105,31752,38,3,16,4
68,105,31752,39,2,17,5
68,105,31752,40,3,18,6
68,105,31752,41,2,19,7
68,105,31752,42,5,20,8
68,105,31752,43,3,21,9
68,105,31752,44,4,22,10
68,105,31752,45,2,23,11
68,105,31752,46,5,24,12
68,105,31752,47,6,25,13
68,105,31752,48,2,26,14
68,105,31752,49,4,27,15
68,105,31752,50,2,28,16
68,105,31752,51,3,29,17
69,116,18491,35,4,13,1
69,116,18491,36,3,14,2
69,116,18491,37,3,15,3
69,116,18491,38,4,16,4
69,116,18491,39,3,17,5
69,116,18491,40,3,18,6
69,116,18491,41,5,19,7
69,116,18491,42,7,20,8
69,116,18491,43,8,21,9
69,116,18491,44,6,22,10
69,116,18491,45,4,23,11
69,116,18491,46,14,24,12
69,116,18491,47,7,25,13
69,116,18491,48,2,26,14
69,116,18491,49,4,27,15
69,116,18491,50,8,28,16
69,116,18491,51,8,29,17
70,119,47123,35,5,13,1
70,119,47123,36,4,14,2
70,119,47123,37,4,15,3
70,119,47123,38,6,16,4
70,119,47123,39,4,17,5
70,119,47123,40,4,18,6
70,119,47123,41,5,19,7
70,119,47123,42,4,20,8
70,119,47123,43,6,21,9
70,119,47123,44,6,22,10
70,119,47123,45,2,23,11
70,119,47123,46,8,24,12
70,119,47123,47,3,25,13
70,119,47123,48,5,26,14
70,119,47123,49,6,27,15
70,119,47123,50,7,28,16
70,119,47123,51,4,29,17
71,118,23830,35,4,13,1
71,118,23830,36,0,14,2
71,118,23830,37,1,15,3
71,118,23830,38,2,16,4
71,118,23830,39,0,17,5
71,118,23830,40,1,18,6
71,118,23830,41,1,19,7
71,118,23830,42,3,20,8
71,118,23830,43,0,21,9
71,118,23830,44,1,22,10
71,118,23830,45,1,23,11
71,118,23830,46,3,24,12
71,118,23830,47,0,25,13
71,118,23830,48,0,26,14
71,118,23830,49,0,27,15
71,118,23830,50,0,28,16
71,118,23830,51,0,29,17
72,116,42484,35,3,13,1
72,116,42484,36,6,14,2
72,116,42484,37,7,15,3
72,116,42484,38,7,16,4
72,116,42484,39,1,17,5
72,116,42484,40,8,18,6
72,116,42484,41,1,19,7
72,116,42484,42,5,20,8
72,116,42484,43,4,21,9
72,116,42484,44,5,22,10
72,116,42484,45,2,23,11
72,116,42484,46,11,24,12
72,116,42484,47,5,25,13
72,116,42484,48,5,26,14
72,116,42484,49,4,27,15
72,116,42484,50,4,28,16
72,116,42484,51,7,29,17
73,104,13581,35,2,13,1
73,104,13581,36,5,14,2
73,104,13581,37,6,15,3
73,104,13581,38,4,16,4
73,104,13581,39,3,17,5
73,104,13581,40,2,18,6
73,104,13581,41,4,19,7
73,104,13581,42,2,20,8
73,104,13581,43,1,21,9
73,104,13581,44,1,22,10
73,104,13581,45,6,23,11
73,104,13581,46,4,24,12
73,104,13581,47,5,25,13
73,104,13581,48,0,26,14
73,104,13581,49,1,27,15
73,104,13581,50,4,28,16
73,104,13581,51,2,29,17
74,104,24479,35,6,13,1
74,104,24479,36,6,14,2
74,104,24479,37,5,15,3
74,104,24479,38,1,16,4
74,104,24479,39,4,17,5
74,104,24479,40,0,18,6
74,104,24479,41,0,19,7
74,104,24479,42,0,20,8
74,104,24479,43,0,21,9
74,104,24479,44,0,22,10
74,104,24479,45,0,23,11
74,104,24479,46,0,24,12
74,104,24479,47,0,25,13
74,104,24479,48,3,26,14
74,104,24479,49,2,27,15
74,104,24479,50,2,28,16
74,104,24479,51,1,29,17
75,118,14103,35,0,13,1
75,118,14103,36,0,14,2
75,118,14103,37,1,15,3
75,118,14103,38,2,16,4
75,118,14103,39,0,17,5
75,118,14103,40,0,18,6
75,118,14103,41,1,19,7
75,118,14103,42,0,20,8
75,118,14103,43,1,21,9
75,118,14103,44,1,22,10
75,118,14103,45,0,23,11
75,118,14103,46,0,24,12
75,118,14103,47,0,25,13
75,118,14103,48,0,26,14
75,118,14103,49,0,27,15
75,118,14103,50,0,28,16
75,118,14103,51,0,29,17
76,113,50113,35,9,13,1
76,113,50113,36,22,14,2
76,113,50113,37,12,15,3
76,113,50113,38,15,16,4
76,113,50113,39,12,17,5
76,113,50113,40,14,18,6
76,113,50113,41,13,19,7
76,113,50113,42,16,20,8
76,113,50113,43,7,21,9
76,113,50113,44,4,22,10
76,113,50113,45,9,23,11
76,113,50113,46,11,24,12
76,113,50113,47,12,25,13
76,113,50113,48,9,26,14
76,113,50113,49,12,27,15
76,113,50113,50,15,28,16
76,113,50113,51,6,29,17
77,102,83674,35,14,13,1
77,102,83674,36,2,14,2
77,102,83674,37,7,15,3
77,102,83674,38,5,16,4
77,102,83674,39,2,17,5
77,102,83674,40,8,18,6
77,102,83674,41,4,19,7
77,102,83674,42,0,20,8
77,102,83674,43,0,21,9
77,102,83674,44,0,22,10
77,102,83674,45,2,23,11
77,102,83674,46,2,24,12
77,102,83674,47,1,25,13
77,102,83674,48,1,26,14
77,102,83674,49,1,27,15
77,102,83674,50,3,28,16
77,102,83674,51,3,29,17
78,114,22668,35,1,13,1
78,114,22668,36,2,14,2
78,114,22668,37,0,15,3
78,114,22668,38,0,16,4
78,114,22668,39,1,17,5
78,114,22668,40,1,18,6
78,114,22668,41,0,19,7
78,114,22668,42,1,20,8
78,114,22668,43,0,21,9
78,114,22668,44,1,22,10
78,114,22668,45,0,23,11
78,114,22668,46,2,24,12
78,114,22668,47,3,25,13
78,114,22668,48,0,26,14
78,114,22668,49,0,27,15
78,114,22668,50,3,28,16
78,114,22668,51,3,29,17
79,118,15744,35,2,13,1
79,118,15744,36,2,14,2
79,118,15744,37,1,15,3
79,118,15744,38,3,16,4
79,118,15744,39,0,17,5
79,118,15744,40,3,18,6
79,118,15744,41,3,19,7
79,118,15744,42,9,20,8
79,118,15744,43,0,21,9
79,118,15744,44,3,22,10
79,118,15744,45,2,23,11
79,118,15744,46,0,24,12
79,118,15744,47,0,25,13
79,118,15744,48,2,26,14
79,118,15744,49,2,27,15
79,118,15744,50,0,28,16
79,118,15744,51,0,29,17
80,118,21702,35,1,13,1
80,118,21702,36,3,14,2
80,118,21702,37,6,15,3
80,118,21702,38,2,16,4
80,118,21702,39,0,17,5
80,118,21702,40,1,18,6
80,118,21702,41,1,19,7
80,118,21702,42,1,20,8
80,118,21702,43,1,21,9
80,118,21702,44,3,22,10
80,118,21702,45,2,23,11
80,118,21702,46,1,24,12
80,118,21702,47,4,25,13
80,118,21702,48,0,26,14
80,118,21702,49,2,27,15
80,118,21702,50,1,28,16
80,118,21702,51,1,29,17
81,121,59234,35,19,13,1
81,121,59234,36,13,14,2
81,121,59234,37,6,15,3
81,121,59234,38,8,16,4
81,121,59234,39,9,17,5
81,121,59234,40,10,18,6
81,121,59234,41,5,19,7
81,121,59234,42,13,20,8
81,121,59234,43,8,21,9
81,121,59234,44,13,22,10
81,121,59234,45,9,23,11
81,121,59234,46,14,24,12
81,121,59234,47,6,25,13
81,121,59234,48,14,26,14
81,121,59234,49,6,27,15
81,121,59234,50,9,28,16
81,121,59234,51,7,29,17
82,108,43675,35,2,13,1
82,108,43675,36,4,14,2
82,108,43675,37,9,15,3
82,108,43675,38,4,16,4
82,108,43675,39,3,17,5
82,108,43675,40,8,18,6
82,108,43675,41,6,19,7
82,108,43675,42,2,20,8
82,108,43675,43,3,21,9
82,108,43675,44,10,22,10
82,108,43675,45,7,23,11
82,108,43675,46,2,24,12
82,108,43675,47,3,25,13
82,108,43675,48,2,26,14
82,108,43675,49,3,27,15
82,108,43675,50,2,28,16
82,108,43675,51,1,29,17
83,108,27389,35,5,13,1
83,108,27389,36,8,14,2
83,108,27389,37,2,15,3
83,108,27389,38,5,16,4
83,108,27389,39,2,17,5
83,108,27389,40,5,18,6
83,108,27389,41,1,19,7
83,108,27389,42,2,20,8
83,108,27389,43,2,21,9
83,108,27389,44,6,22,10
83,108,27389,45,3,23,11
83,108,27389,46,1,24,12
83,108,27389,47,2,25,13
83,108,27389,48,1,26,14
83,108,27389,49,3,27,15
83,108,27389,50,4,28,16
83,108,27389,51,1,29,17
84,117,63773,35,20,13,1
84,117,63773,36,12,14,2
84,117,63773,37,17,15,3
84,117,63773,38,15,16,4
84,117,63773,39,11,17,5
84,117,63773,40,7,18,6
84,117,63773,41,14,19,7
84,117,63773,42,24,20,8
84,117,63773,43,18,21,9
84,117,63773,44,20,22,10
84,117,63773,45,14,23,11
84,117,63773,46,23,24,12
84,117,63773,47,26,25,13
84,117,63773,48,35,26,14
84,117,63773,49,18,27,15
84,117,63773,50,23,28,16
84,117,63773,51,22,29,17
85,116,54218,35,12,13,1
85,116,54218,36,16,14,2
85,116,54218,37,12,15,3
85,116,54218,38,7,16,4
85,116,54218,39,9,17,5
85,116,54218,40,9,18,6
85,116,54218,41,4,19,7
85,116,54218,42,3,20,8
85,116,54218,43,2,21,9
85,116,54218,44,3,22,10
85,116,54218,45,3,23,11
85,116,54218,46,8,24,12
85,116,54218,47,3,25,13
85,116,54218,48,7,26,14
85,116,54218,49,11,27,15
85,116,54218,50,3,28,16
85,116,54218,51,9,29,17
86,113,28067,35,2,13,1
86,113,28067,36,2,14,2
86,113,28067,37,6,15,3
86,113,28067,38,3,16,4
86,113,28067,39,5,17,5
86,113,28067,40,1,18,6
86,113,28067,41,6,19,7
86,113,28067,42,5,20,8
86,113,28067,43,3,21,9
86,113,28067,44,2,22,10
86,113,28067,45,1,23,11
86,113,28067,46,3,24,12
86,113,28067,47,5,25,13
86,113,28067,48,6,26,14
86,113,28067,49,3,27,15
86,113,28067,50,6,28,16
86,113,28067,51,3,29,17
87,101,26288,35,7,13,1
87,101,26288,36,10,14,2
87,101,26288,37,3,15,3
87,101,26288,38,1,16,4
87,101,26288,39,5,17,5
87,101,26288,40,4,18,6
87,101,26288,41,8,19,7
87,101,26288,42,2,20,8
87,101,26288,43,0,21,9
87,101,26288,44,0,22,10
87,101,26288,45,0,23,11
87,101,26288,46,0,24,12
87,101,26288,47,0,25,13
87,101,26288,48,0,26,14
87,101,26288,49,0,27,15
87,101,26288,50,0,28,16
87,101,26288,51,0,29,17
88,103,79836,35,13,13,1
88,103,79836,36,9,14,2
88,103,79836,37,8,15,3
88,103,79836,38,7,16,4
88,103,79836,39,11,17,5
88,103,79836,40,6,18,6
88,103,79836,41,1,19,7
88,103,79836,42,8,20,8
88,103,79836,43,6,21,9
88,103,79836,44,8,22,10
88,103,79836,45,9,23,11
88,103,79836,46,7,24,12
88,103,79836,47,7,25,13
88,103,79836,48,4,26,14
88,103,79836,49,5,27,15
88,103,79836,50,5,28,16
88,103,79836,51,6,29,17
89,109,55071,35,7,13,1
89,109,55071,36,9,14,2
89,109,55071,37,11,15,3
89,109,55071,38,13,16,4
89,109,55071,39,10,17,5
89,109,55071,40,10,18,6
89,109,55071,41,13,19,7
89,109,55071,42,11,20,8
89,109,55071,43,7,21,9
89,109,55071,44,8,22,10
89,109,55071,45,10,23,11
89,109,55071,46,9,24,12
89,109,55071,47,9,25,13
89,109,55071,48,7,26,14
89,109,55071,49,11,27,15
89,109,55071,50,11,28,16
89,109,55071,51,4,29,17
90,107,110172,35,11,13,1
90,107,110172,36,15,14,2
90,107,110172,37,6,15,3
90,107,110172,38,10,16,4
90,107,110172,39,13,17,5
90,107,110172,40,11,18,6
90,107,110172,41,12,19,7
90,107,110172,42,17,20,8
90,107,110172,43,10,21,9
90,107,110172,44,11,22,10
90,107,110172,45,7,23,11
90,107,110172,46,11,24,12
90,107,110172,47,10,25,13
90,107,110172,48,10,26,14
90,107,110172,49,11,27,15
90,107,110172,50,9,28,16
90,107,110172,51,5,29,17
91,111,45112,35,0,13,1
91,111,45112,36,0,14,2
91,111,45112,37,1,15,3
91,111,45112,38,1,16,4
91,111,45112,39,0,17,5
91,111,45112,40,4,18,6
91,111,45112,41,0,19,7
91,111,45112,42,0,20,8
91,111,45112,43,0,21,9
91,111,45112,44,0,22,10
91,111,45112,45,0,23,11
91,111,45112,46,0,24,12
91,111,45112,47,0,25,13
91,111,45112,48,0,26,14
91,111,45112,49,0,27,15
91,111,45112,50,0,28,16
91,111,45112,51,0,29,17
92,104,25332,35,3,13,1
92,104,25332,36,1,14,2
92,104,25332,37,2,15,3
92,104,25332,38,1,16,4
92,104,25332,39,1,17,5
92,104,25332,40,2,18,6
92,104,25332,41,1,19,7
92,104,25332,42,1,20,8
92,104,25332,43,4,21,9
92,104,25332,44,0,22,10
92,104,25332,45,1,23,11
92,104,25332,46,4,24,12
92,104,25332,47,3,25,13
92,104,25332,48,3,26,14
92,104,25332,49,0,27,15
92,104,25332,50,0,28,16
92,104,25332,51,2,29,17
93,113,44005,35,27,13,1
93,113,44005,36,17,14,2
93,113,44005,37,22,15,3
93,113,44005,38,32,16,4
93,113,44005,39,29,17,5
93,113,44005,40,29,18,6
93,113,44005,41,23,19,7
93,113,44005,42,20,20,8
93,113,44005,43,24,21,9
93,113,44005,44,21,22,10
93,113,44005,45,24,23,11
93,113,44005,46,21,24,12
93,113,44005,47,31,25,13
93,113,44005,48,13,26,14
93,113,44005,49,22,27,15
93,113,44005,50,17,28,16
93,113,44005,51,20,29,17
94,101,27018,35,8,13,1
94,101,27018,36,4,14,2
94,101,27018,37,11,15,3
94,101,27018,38,6,16,4
94,101,27018,39,11,17,5
94,101,27018,40,12,18,6
94,101,27018,41,3,19,7
94,101,27018,42,3,20,8
94,101,27018,43,5,21,9
94,101,27018,44,6,22,10
94,101,27018,45,7,23,11
94,101,27018,46,1,24,12
94,101,27018,47,3,25,13
94,101,27018,48,4,26,14
94,101,27018,49,8,27,15
94,101,27018,50,4,28,16
94,101,27018,51,7,29,17
95,111,13083,35,0,13,1
95,111,13083,36,1,14,2
95,111,13083,37,0,15,3
95,111,13083,38,0,16,4
95,111,13083,39,0,17,5
95,111,13083,40,0,18,6
95,111,13083,41,0,19,7
95,111,13083,42,0,20,8
95,111,13083,43,0,21,9
95,111,13083,44,0,22,10
95,111,13083,45,0,23,11
95,111,13083,46,0,24,12
95,111,13083,47,0,25,13
95,111,13083,48,0,26,14
95,111,13083,49,0,27,15
95,111,13083,50,1,28,16
95,111,13083,51,0,29,17
96,110,39886,35,2,13,1
96,110,39886,36,6,14,2
96,110,39886,37,7,15,3
96,110,39886,38,7,16,4
96,110,39886,39,10,17,5
96,110,39886,40,7,18,6
96,110,39886,41,8,19,7
96,110,39886,42,8,20,8
96,110,39886,43,9,21,9
96,110,39886,44,9,22,10
96,110,39886,45,9,23,11
96,110,39886,46,14,24,12
96,110,39886,47,5,25,13
96,110,39886,48,9,26,14
96,110,39886,49,7,27,15
96,110,39886,50,6,28,16
96,110,39886,51,6,29,17
97,111,31449,35,5,13,1
97,111,31449,36,3,14,2
97,111,31449,37,2,15,3
97,111,31449,38,7,16,4
97,111,31449,39,7,17,5
97,111,31449,40,4,18,6
97,111,31449,41,3,19,7
97,111,31449,42,6,20,8
97,111,31449,43,5,21,9
97,111,31449,44,5,22,10
97,111,31449,45,4,23,11
97,111,31449,46,10,24,12
97,111,31449,47,10,25,13
97,111,31449,48,6,26,14
97,111,31449,49,0,27,15
97,111,31449,50,5,28,16
97,111,31449,51,4,29,17
98,115,41373,35,4,13,1
98,115,41373,36,1,14,2
98,115,41373,37,3,15,3
98,115,41373,38,2,16,4
98,115,41373,39,0,17,5
98,115,41373,40,2,18,6
98,115,41373,41,2,19,7
98,115,41373,42,2,20,8
98,115,41373,43,3,21,9
98,115,41373,44,4,22,10
98,115,41373,45,3,23,11
98,115,41373,46,4,24,12
98,115,41373,47,1,25,13
98,115,41373,48,2,26,14
98,115,41373,49,9,27,15
98,115,41373,50,1,28,16
98,115,41373,51,4,29,17
99,114,62537,35,12,13,1
99,114,62537,36,7,14,2
99,114,62537,37,7,15,3
99,114,62537,38,8,16,4
99,114,62537,39,6,17,5
99,114,62537,40,8,18,6
99,114,62537,41,6,19,7
99,114,62537,42,5,20,8
99,114,62537,43,6,21,9
99,114,62537,44,10,22,10
99,114,62537,45,8,23,11
99,114,62537,46,9,24,12
99,114,62537,47,9,25,13
99,114,62537,48,6,26,14
99,114,62537,49,7,27,15
99,114,62537,50,5,28,16
99,114,62537,51,4,29,17
100,106,49842,35,14,13,1
100,106,49842,36,10,14,2
100,106,49842,37,14,15,3
100,106,49842,38,10,16,4
100,106,49842,39,15,17,5
100,106,49842,40,10,18,6
100,106,49842,41,8,19,7
100,106,49842,42,20,20,8
100,106,49842,43,13,21,9
100,106,49842,44,19,22,10
100,106,49842,45,11,23,11
100,106,49842,46,10,24,12
100,106,49842,47,11,25,13
100,106,49842,48,11,26,14
100,106,49842,49,2,27,15
100,106,49842,50,4,28,16
100,106,49842,51,4,29,17
101,117,11207,35,1,13,1
101,117,11207,36,0,14,2
101,117,11207,37,0,15,3
101,117,11207,38,3,16,4
101,117,11207,39,2,17,5
101,117,11207,40,1,18,6
101,117,11207,41,1,19,7
101,117,11207,42,4,20,8
101,117,11207,43,3,21,9
101,117,11207,44,3,22,10
101,117,11207,45,3,23,11
101,117,11207,46,1,24,12
101,117,11207,47,2,25,13
101,117,11207,48,1,26,14
101,117,11207,49,1,27,15
101,117,11207,50,2,28,16
101,117,11207,51,2,29,17
102,121,28647,35,5,13,1
102,121,28647,36,5,14,2
102,121,28647,37,7,15,3
102,121,28647,38,4,16,4
102,121,28647,39,0,17,5
102,121,28647,40,5,18,6
102,121,28647,41,4,19,7
102,121,28647,42,2,20,8
102,121,28647,43,2,21,9
102,121,28647,44,4,22,10
102,121,28647,45,3,23,11
102,121,28647,46,2,24,12
102,121,28647,47,4,25,13
102,121,28647,48,3,26,14
102,121,28647,49,4,27,15
102,121,28647,50,5,28,16
102,121,28647,51,1,29,17
103,116,55361,35,4,13,1
103,116,55361,36,11,14,2
103,116,55361,37,6,15,3
103,116,55361,38,8,16,4
103,116,55361,39,10,17,5
103,116,55361,40,12,18,6
103,116,55361,41,10,19,7
103,116,55361,42,14,20,8
103,116,55361,43,12,21,9
103,116,55361,44,6,22,10
103,116,55361,45,6,23,11
103,116,55361,46,13,24,12
103,116,55361,47,15,25,13
103,116,55361,48,17,26,14
103,116,55361,49,10,27,15
103,116,55361,50,10,28,16
103,116,55361,51,9,29,17
104,116,20710,35,7,13,1
104,116,20710,36,6,14,2
104,116,20710,37,4,15,3
104,116,20710,38,5,16,4
104,116,20710,39,3,17,5
104,116,20710,40,4,18,6
104,116,20710,41,3,19,7
104,116,20710,42,5,20,8
104,116,20710,43,4,21,9
104,116,20710,44,1,22,10
104,116,20710,45,4,23,11
104,116,20710,46,2,24,12
104,116,20710,47,6,25,13
104,116,20710,48,2,26,14
104,116,20710,49,2,27,15
104,116,20710,50,2,28,16
104,116,20710,51,2,29,17
105,119,29023,35,10,13,1
105,119,29023,36,24,14,2
105,119,29023,37,15,15,3
105,119,29023,38,10,16,4
105,119,29023,39,14,17,5
105,119,29023,40,12,18,6
105,119,29023,41,10,19,7
105,119,29023,42,15,20,8
105,119,29023,43,10,21,9
105,119,29023,44,11,22,10
105,119,29023,45,11,23,11
105,119,29023,46,11,24,12
105,119,29023,47,10,25,13
105,119,29023,48,8,26,14
105,119,29023,49,6,27,15
105,119,29023,50,8,28,16
105,119,29023,51,8,29,17
106,111,67102,35,3,13,1
106,111,67102,36,5,14,2
106,111,67102,37,1,15,3
106,111,67102,38,2,16,4
106,111,67102,39,4,17,5
106,111,67102,40,2,18,6
106,111,67102,41,1,19,7
106,111,67102,42,4,20,8
106,111,67102,43,4,21,9
106,111,67102,44,3,22,10
106,111,67102,45,2,23,11
106,111,67102,46,5,24,12
106,111,67102,47,3,25,13
106,111,67102,48,0,26,14
106,111,67102,49,6,27,15
106,111,67102,50,3,28,16
106,111,67102,51,6,29,17
107,108,32059,35,1,13,1
107,108,32059,36,2,14,2
107,108,32059,37,2,15,3
107,108,32059,38,6,16,4
107,108,32059,39,3,17,5
107,108,32059,40,6,18,6
107,108,32059,41,1,19,7
107,108,32059,42,1,20,8
107,108,32059,43,3,21,9
107,108,32059,44,0,22,10
107,108,32059,45,3,23,11
107,108,32059,46,2,24,12
107,108,32059,47,3,25,13
107,108,32059,48,6,26,14
107,108,32059,49,1,27,15
107,108,32059,50,0,28,16
107,108,32059,51,0,29,17
108,116,26045,35,3,13,1
108,116,26045,36,1,14,2
108,116,26045,37,1,15,3
108,116,26045,38,4,16,4
108,116,26045,39,2,17,5
108,116,26045,40,0,18,6
108,116,26045,41,4,19,7
108,116,26045,42,1,20,8
108,116,26045,43,0,21,9
108,116,26045,44,4,22,10
108,116,26045,45,2,23,11
108,116,26045,46,1,24,12
108,116,26045,47,1,25,13
108,116,26045,48,0,26,14
108,116,26045,49,1,27,15
108,116,26045,50,5,28,16
108,116,26045,51,1,29,17
109,104,71279,35,16,13,1
109,104,71279,36,17,14,2
109,104,71279,37,14,15,3
109,104,71279,38,15,16,4
109,104,71279,39,19,17,5
109,104,71279,40,12,18,6
109,104,71279,41,12,19,7
109,104,71279,42,10,20,8
109,104,71279,43,9,21,9
109,104,71279,44,11,22,10
109,104,71279,45,13,23,11
109,104,71279,46,14,24,12
109,104,71279,47,16,25,13
109,104,71279,48,13,26,14
109,104,71279,49,9,27,15
109,104,71279,50,13,28,16
109,104,71279,51,10,29,17
110,120,94910,35,5,13,1
110,120,94910,36,5,14,2
110,120,94910,37,2,15,3
110,120,94910,38,1,16,4
110,120,94910,39,4,17,5
110,120,94910,40,3,18,6
110,120,94910,41,4,19,7
110,120,94910,42,7,20,8
110,120,94910,43,3,21,9
110,120,94910,44,1,22,10
110,120,94910,45,4,23,11
110,120,94910,46,2,24,12
110,120,94910,47,4,25,13
110,120,94910,48,3,26,14
110,120,94910,49,4,27,15
110,120,94910,50,1,28,16
110,120,94910,51,2,29,17
111,112,96117,35,0,13,1
111,112,96117,36,3,14,2
111,112,96117,37,7,15,3
111,112,96117,38,7,16,4
111,112,96117,39,3,17,5
111,112,96117,40,9,18,6
111,112,96117,41,11,19,7
111,112,96117,42,8,20,8
111,112,96117,43,6,21,9
111,112,96117,44,4,22,10
111,112,96117,45,9,23,11
111,112,96117,46,9,24,12
111,112,96117,47,6,25,13
111,112,96117,48,7,26,14
111,112,96117,49,8,27,15
111,112,96117,50,12,28,16
111,112,96117,51,5,29,17
112,118,40396,35,3,13,1
112,118,40396,36,6,14,2
112,118,40396,37,6,15,3
112,118,40396,38,12,16,4
112,118,40396,39,2,17,5
112,118,40396,40,6,18,6
112,118,40396,41,4,19,7
112,118,40396,42,5,20,8
112,118,40396,43,6,21,9
112,118,40396,44,9,22,10
112,118,40396,45,6,23,11
112,118,40396,46,5,24,12
112,118,40396,47,4,25,13
112,118,40396,48,3,26,14
112,118,40396,49,2,27,15
112,118,40396,50,1,28,16
112,118,40396,51,1,29,17
113,106,25540,35,2,13,1
113,106,25540,36,2,14,2
113,106,25540,37,0,15,3
113,106,25540,38,3,16,4
113,106,25540,39,3,17,5
113,106,25540,40,10,18,6
113,106,25540,41,3,19,7
113,106,25540,42,16,20,8
113,106,25540,43,9,21,9
113,106,25540,44,15,22,10
113,106,25540,45,9,23,11
113,106,25540,46,12,24,12
113,106,25540,47,17,25,13
113,106,25540,48,22,26,14
113,106,25540,49,26,27,15
113,106,25540,50,11,28,16
113,106,25540,51,7,29,17
114,105,38438,35,7,13,1
114,105,38438,36,4,14,2
114,105,38438,37,3,15,3
114,105,38438,38,7,16,4
114,105,38438,39,5,17,5
114,105,38438,40,9,18,6
114,105,38438,41,9,19,7
114,105,38438,42,5,20,8
114,105,38438,43,4,21,9
114,105,38438,44,5,22,10
114,105,38438,45,5,23,11
114,105,38438,46,8,24,12
114,105,38438,47,3,25,13
114,105,38438,48,1,26,14
114,105,38438,49,0,27,15
114,105,38438,50,0,28,16
114,105,38438,51,0,29,17
115,104,63325,35,14,13,1
115,104,63325,36,8,14,2
115,104,63325,37,4,15,3
115,104,63325,38,10,16,4
115,104,63325,39,5,17,5
115,104,63325,40,10,18,6
115,104,63325,41,10,19,7
115,104,63325,42,7,20,8
115,104,63325,43,12,21,9
115,104,63325,44,11,22,10
115,104,63325,45,11,23,11
115,104,63325,46,12,24,12
115,104,63325,47,14,25,13
115,104,63325,48,10,26,14
115,104,63325,49,18,27,15
115,104,63325,50,7,28,16
115,104,63325,51,11,29,17
116,111,42421,35,5,13,1
116,111,42421,36,7,14,2
116,111,42421,37,9,15,3
116,111,42421,38,4,16,4
116,111,42421,39,2,17,5
116,111,42421,40,8,18,6
116,111,42421,41,0,19,7
116,111,42421,42,2,20,8
116,111,42421,43,7,21,9
116,111,42421,44,1,22,10
116,111,42421,45,2,23,11
116,111,42421,46,5,24,12
116,111,42421,47,4,25,13
116,111,42421,48,5,26,14
116,111,42421,49,7,27,15
116,111,42421,50,13,28,16
116,111,42421,51,17,29,17
117,114,25370,35,1,13,1
117,114,25370,36,1,14,2
117,114,25370,37,0,15,3
117,114,25370,38,1,16,4
117,114,25370,39,0,17,5
117,114,25370,40,1,18,6
117,114,25370,41,1,19,7
117,114,25370,42,0,20,8
117,114,25370,43,0,21,9
117,114,25370,44,3,22,10
117,114,25370,45,1,23,11
117,114,25370,46,1,24,12
117,114,25370,47,0,25,13
117,114,25370,48,1,26,14
117,114,25370,49,0,27,15
117,114,25370,50,0,28,16
117,114,25370,51,2,29,17
118,103,50455,35,6,13,1
118,103,50455,36,5,14,2
118,103,50455,37,7,15,3
118,103,50455,38,6,16,4
118,103,50455,39,7,17,5
118,103,50455,40,10,18,6
118,103,50455,41,5,19,7
118,103,50455,42,0,20,8
118,103,50455,43,0,21,9
118,103,50455,44,5,22,10
118,103,50455,45,0,23,11
118,103,50455,46,1,24,12
118,103,50455,47,0,25,13
118,103,50455,48,2,26,14
118,103,50455,49,3,27,15
118,103,50455,50,4,28,16
118,103,50455,51,1,29,17
119,119,36959,35,8,13,1
119,119,36959,36,7,14,2
119,119,36959,37,11,15,3
119,119,36959,38,5,16,4
119,119,36959,39,5,17,5
119,119,36959,40,7,18,6
119,119,36959,41,5,19,7
119,119,36959,42,2,20,8
119,119,36959,43,0,21,9
119,119,36959,44,4,22,10
119,119,36959,45,2,23,11
119,119,36959,46,3,24,12
119,119,36959,47,4,25,13
119,119,36959,48,1,26,14
119,119,36959,49,2,27,15
119,119,36959,50,2,28,16
119,119,36959,51,2,29,17
120,115,34069,35,15,13,1
120,115,34069,36,12,14,2
120,115,34069,37,17,15,3
120,115,34069,38,7,16,4
120,115,34069,39,12,17,5
120,115,34069,40,10,18,6
120,115,34069,41,10,19,7
120,115,34069,42,8,20,8
120,115,34069,43,15,21,9
120,115,34069,44,10,22,10
120,115,34069,45,16,23,11
120,115,34069,46,20,24,12
120,115,34069,47,16,25,13
120,115,34069,48,13,26,14
120,115,34069,49,13,27,15
120,115,34069,50,8,28,16
120,115,34069,51,8,29,17
121,102,62935,35,12,13,1
121,102,62935,36,6,14,2
121,102,62935,37,5,15,3
121,102,62935,38,7,16,4
121,102,62935,39,5,17,5
121,102,62935,40,9,18,6
121,102,62935,41,10,19,7
121,102,62935,42,9,20,8
121,102,62935,43,8,21,9
121,102,62935,44,8,22,10
121,102,62935,45,17,23,11
121,102,62935,46,15,24,12
121,102,62935,47,13,25,13
121,102,62935,48,14,26,14
121,102,62935,49,11,27,15
121,102,62935,50,7,28,16
121,102,62935,51,9,29,17
122,110,41273,35,4,13,1
122,110,41273,36,5,14,2
122,110,41273,37,6,15,3
122,110,41273,38,5,16,4
122,110,41273,39,6,17,5
122,110,41273,40,3,18,6
122,110,41273,41,1,19,7
122,110,41273,42,2,20,8
122,110,41273,43,4,21,9
122,110,41273,44,2,22,10
122,110,41273,45,1,23,11
122,110,41273,46,2,24,12
122,110,41273,47,1,25,13
122,110,41273,48,1,26,14
122,110,41273,49,2,27,15
122,110,41273,50,3,28,16
122,110,41273,51,2,29,17
123,109,52547,35,23,13,1
123,109,52547,36,17,14,2
123,109,52547,37,16,15,3
123,109,52547,38,13,16,4
123,109,52547,39,16,17,5
123,109,52547,40,21,18,6
123,109,52547,41,15,19,7
123,109,52547,42,17,20,8
123,109,52547,43,15,21,9
123,109,52547,44,19,22,10
123,109,52547,45,17,23,11
123,109,52547,46,6,24,12
123,109,52547,47,10,25,13
123,109,52547,48,10,26,14
123,109,52547,49,9,27,15
123,109,52547,50,17,28,16
123,109,52547,51,19,29,17
124,107,81372,35,27,13,1
124,107,81372,36,36,14,2
124,107,81372,37,30,15,3
124,107,81372,38,38,16,4
124,107,81372,39,28,17,5
124,107,81372,40,34,18,6
124,107,81372,41,36,19,7
124,107,81372,42,34,20,8
124,107,81372,43,35,21,9
124,107,81372,44,28,22,10
124,107,81372,45,20,23,11
124,107,81372,46,32,24,12
124,107,81372,47,21,25,13
124,107,81372,48,16,26,14
124,107,81372,49,21,27,15
124,107,81372,50,21,28,16
124,107,81372,51,10,29,17
125,121,89656,35,11,13,1
125,121,89656,36,10,14,2
125,121,89656,37,8,15,3
125,121,89656,38,10,16,4
125,121,89656,39,12,17,5
125,121,89656,40,12,18,6
125,121,89656,41,8,19,7
125,121,89656,42,2,20,8
125,121,89656,43,19,21,9
125,121,89656,44,19,22,10
125,121,89656,45,18,23,11
125,121,89656,46,5,24,12
125,121,89656,47,9,25,13
125,121,89656,48,6,26,14
125,121,89656,49,9,27,15
125,121,89656,50,12,28,16
125,121,89656,51,12,29,17
126,111,34228,35,1,13,1
126,111,34228,36,1,14,2
126,111,34228,37,0,15,3
126,111,34228,38,0,16,4
126,111,34228,39,2,17,5
126,111,34228,40,1,18,6
126,111,34228,41,0,19,7
126,111,34228,42,1,20,8
126,111,34228,43,1,21,9
126,111,34228,44,4,22,10
126,111,34228,45,0,23,11
126,111,34228,46,0,24,12
126,111,34228,47,0,25,13
126,111,34228,48,1,26,14
126,111,34228,49,1,27,15
126,111,34228,50,0,28,16
126,111,34228,51,0,29,17
127,106,58651,35,2,13,1
127,106,58651,36,4,14,2
127,106,58651,37,0,15,3
127,106,58651,38,1,16,4
127,106,58651,39,4,17,5
127,106,58651,40,5,18,6
127,106,58651,41,8,19,7
127,106,58651,42,3,20,8
127,106,58651,43,1,21,9
127,106,58651,44,6,22,10
127,106,58651,45,3,23,11
127,106,58651,46,3,24,12
127,106,58651,47,9,25,13
127,106,58651,48,1,26,14
127,106,58651,49,0,27,15
127,106,58651,50,0,28,16
127,106,58651,51,3,29,17
128,121,60724,35,14,13,1
128,121,60724,36,8,14,2
128,121,60724,37,12,15,3
128,121,60724,38,7,16,4
128,121,60724,39,10,17,5
128,121,60724,40,8,18,6
128,121,60724,41,8,19,7
128,121,60724,42,12,20,8
128,121,60724,43,15,21,9
128,121,60724,44,7,22,10
128,121,60724,45,15,23,11
128,121,60724,46,6,24,12
128,121,60724,47,8,25,13
128,121,60724,48,11,26,14
128,121,60724,49,13,27,15
128,121,60724,50,7,28,16
128,121,60724,51,10,29,17
129,102,41877,35,22,13,1
129,102,41877,36,29,14,2
129,102,41877,37,20,15,3
129,102,41877,38,14,16,4
129,102,41877,39,9,17,5
129,102,41877,40,22,18,6
129,102,41877,41,10,19,7
129,102,41877,42,20,20,8
129,102,41877,43,6,21,9
129,102,41877,44,5,22,10
129,102,41877,45,12,23,11
129,102,41877,46,18,24,12
129,102,41877,47,17,25,13
129,102,41877,48,22,26,14
129,102,41877,49,17,27,15
129,102,41877,50,12,28,16
129,102,41877,51,9,29,17
130,112,18991,35,8,13,1
130,112,18991,36,1,14,2
130,112,18991,37,1,15,3
130,112,18991,38,2,16,4
130,112,18991,39,2,17,5
130,112,18991,40,0,18,6
130,112,18991,41,3,19,7
130,112,18991,42,1,20,8
130,112,18991,43,2,21,9
130,112,18991,44,3,22,10
130,112,18991,45,0,23,11
130,112,18991,46,4,24,12
130,112,18991,47,2,25,13
130,112,18991,48,0,26,14
130,112,18991,49,3,27,15
130,112,18991,50,1,28,16
130,112,18991,51,2,29,17
131,120,78277,35,11,13,1
131,120,78277,36,19,14,2
131,120,78277,37,16,15,3
131,120,78277,38,14,16,4
131,120,78277,39,24,17,5
131,120,78277,40,11,18,6
131,120,78277,41,10,19,7
131,120,78277,42,15,20,8
131,120,78277,43,7,21,9
131,120,78277,44,12,22,10
131,120,78277,45,6,23,11
131,120,78277,46,8,24,12
131,120,78277,47,14,25,13
131,120,78277,48,22,26,14
131,120,78277,49,14,27,15
131,120,78277,50,8,28,16
131,120,78277,51,9,29,17
132,108,30123,35,4,13,1
132,108,30123,36,4,14,2
132,108,30123,37,3,15,3
132,108,30123,38,4,16,4
132,108,30123,39,2,17,5
132,108,30123,40,1,18,6
132,108,30123,41,4,19,7
132,108,30123,42,4,20,8
132,108,30123,43,0,21,9
132,108,30123,44,1,22,10
132,108,30123,45,2,23,11
132,108,30123,46,4,24,12
132,108,30123,47,2,25,13
132,108,30123,48,1,26,14
132,108,30123,49,4,27,15
132,108,30123,50,1,28,16
132,108,30123,51,4,29,17
133,114,36630,35,2,13,1
133,114,36630,36,7,14,2
133,114,36630,37,5,15,3
133,114,36630,38,8,16,4
133,114,36630,39,3,17,5
133,114,36630,40,2,18,6
133,114,36630,41,3,19,7
133,114,36630,42,4,20,8
133,114,36630,43,4,21,9
133,114,36630,44,2,22,10
133,114,36630,45,3,23,11
133,114,36630,46,2,24,12
133,114,36630,47,7,25,13
133,114,36630,48,4,26,14
133,114,36630,49,2,27,15
133,114,36630,50,4,28,16
133,114,36630,51,3,29,17
134,115,56833,35,13,13,1
134,115,56833,36,30,14,2
134,115,56833,37,23,15,3
134,115,56833,38,15,16,4
134,115,56833,39,16,17,5
134,115,56833,40,16,18,6
134,115,56833,41,14,19,7
134,115,56833,42,15,20,8
134,115,56833,43,11,21,9
134,115,56833,44,18,22,10
134,115,56833,45,13,23,11
134,115,56833,46,12,24,12
134,115,56833,47,10,25,13
134,115,56833,48,19,26,14
134,115,56833,49,17,27,15
134,115,56833,50,19,28,16
134,115,56833,51,18,29,17
135,105,51371,35,13,13,1
135,105,51371,36,11,14,2
135,105,51371,37,11,15,3
135,105,51371,38,11,16,4
135,105,51371,39,6,17,5
135,105,51371,40,13,18,6
135,105,51371,41,10,19,7
135,105,51371,42,10,20,8
135,105,51371,43,13,21,9
135,105,51371,44,6,22,10
135,105,51371,45,10,23,11
135,105,51371,46,5,24,12
135,105,51371,47,12,25,13
135,105,51371,48,9,26,14
135,105,51371,49,17,27,15
135,105,51371,50,8,28,16
135,105,51371,51,9,29,17
136,121,35807,35,2,13,1
136,121,35807,36,0,14,2
136,121,35807,37,0,15,3
136,121,35807,38,3,16,4
136,121,35807,39,4,17,5
136,121,35807,40,5,18,6
136,121,35807,41,0,19,7
136,121,35807,42,2,20,8
136,121,35807,43,2,21,9
136,121,35807,44,1,22,10
136,121,35807,45,1,23,11
136,121,35807,46,5,24,12
136,121,35807,47,0,25,13
136,121,35807,48,2,26,14
136,121,35807,49,4,27,15
136,121,35807,50,1,28,16
136,121,35807,51,4,29,17
137,119,66283,35,13,13,1
137,119,66283,36,7,14,2
137,119,66283,37,15,15,3
137,119,66283,38,14,16,4
137,119,66283,39,10,17,5
137,119,66283,40,10,18,6
137,119,66283,41,7,19,7
137,119,66283,42,11,20,8
137,119,66283,43,7,21,9
137,119,66283,44,14,22,10
137,119,66283,45,7,23,11
137,119,66283,46,10,24,12
137,119,66283,47,4,25,13
137,119,66283,48,14,26,14
137,119,66283,49,7,27,15
137,119,66283,50,7,28,16
137,119,66283,51,5,29,17
138,117,16719,35,9,13,1
138,117,16719,36,4,14,2
138,117,16719,37,5,15,3
138,117,16719,38,7,16,4
138,117,16719,39,4,17,5
138,117,16719,40,1,18,6
138,117,16719,41,4,19,7
138,117,16719,42,7,20,8
138,117,16719,43,5,21,9
138,117,16719,44,4,22,10
138,117,16719,45,7,23,11
138,117,16719,46,7,24,12
138,117,16719,47,6,25,13
138,117,16719,48,6,26,14
138,117,16719,49,5,27,15
138,117,16719,50,8,28,16
138,117,16719,51,9,29,17
139,121,48234,35,9,13,1
139,121,48234,36,3,14,2
139,121,48234,37,3,15,3
139,121,48234,38,7,16,4
139,121,48234,39,3,17,5
139,121,48234,40,1,18,6
139,121,48234,41,4,19,7
139,121,48234,42,8,20,8
139,121,48234,43,5,21,9
139,121,48234,44,4,22,10
139,121,48234,45,2,23,11
139,121,48234,46,7,24,12
139,121,48234,47,5,25,13
139,121,48234,48,3,26,14
139,121,48234,49,6,27,15
139,121,48234,50,2,28,16
139,121,48234,51,7,29,17
