new_facility,New_VISN,covariate1,mn_num,attempters,Month,Month_No,weight
1,116,16822,35,0,13,1,1
1,116,16822,36,3,14,2,1
1,116,16822,37,1,15,3,1
1,116,16822,38,0,16,4,1
1,116,16822,39,3,17,5,1
1,116,16822,40,2,18,6,1
1,116,16822,41,3,19,7,1
1,116,16822,42,3,20,8,1
1,116,16822,43,2,21,9,1.052628809
1,116,16822,44,1,22,10,1.1027516036
1,116,16822,45,1,23,11,1.1027516036
1,116,16822,46,4,24,12,1.1027516036
1,116,16822,47,2,25,13,1.1027516036
1,116,16822,48,3,26,14,1.1421341829
1,116,16822,49,3,27,15,1.1815167622
1,116,16822,50,0,28,16,1.2602819209
1,116,16822,51,1,29,17,1.7328679501
2,113,36085,35,9,13,1,1
2,113,36085,36,9,14,2,1
2,113,36085,37,6,15,3,1
2,113,36085,38,5,16,4,1
2,113,36085,39,2,17,5,1
2,113,36085,40,1,18,6,1
2,113,36085,41,4,19,7,1
2,113,36085,42,5,20,8,1
2,113,36085,43,1,21,9,1
2,113,36085,44,2,22,10,1
2,113,36085,45,2,23,11,1
2,113,36085,46,3,24,12,1
2,113,36085,47,1,25,13,1
2,113,36085,48,5,26,14,1
2,113,36085,49,2,27,15,1
2,113,36085,50,2,28,16,1.0447754511
2,113,36085,51,4,29,17,1.4135124978
3,107,91132,35,12,13,1,1
3,107,91132,36,9,14,2,1
3,107,91132,37,11,15,3,1
3,107,91132,38,8,16,4,1
3,107,91132,39,9,17,5,1
3,107,91132,40,9,18,6,1
3,107,91132,41,7,19,7,1
3,107,91132,42,6,20,8,1
3,107,91132,43,7,21,9,1
3,107,91132,44,6,22,10,1
3,107,91132,45,4,23,11,1
3,107,91132,46,15,24,12,1
3,107,91132,47,8,25,13,1
3,107,91132,48,5,26,14,1
3,107,91132,49,6,27,15,1
3,107,91132,50,14,28,16,1.0068492682
3,107,91132,51,10,29,17,1.3005111909
4,110,17743,35,0,13,1,1
4,110,17743,36,0,14,2,1
4,110,17743,37,0,15,3,1
4,110,17743,38,0,16,4,1
4,110,17743,39,1,17,5,1
4,110,17743,40,0,18,6,1
4,110,17743,41,0,19,7,1
4,110,17743,42,2,20,8,1
4,110,17743,43,0,21,9,1
4,110,17743,44,1,22,10,1
4,110,17743,45,0,23,11,1
4,110,17743,46,2,24,12,1
4,110,17743,47,0,25,13,1
4,110,17743,48,0,26,14,1
4,110,17743,49,0,27,15,1.1666388935
4,110,17743,50,0,28,16,1.1666388935
4,110,17743,51,0,29,17,1.1666388935
5,105,26996,35,1,13,1,1
5,105,26996,36,3,14,2,1
5,105,26996,37,4,15,3,1
5,105,26996,38,5,16,4,1
5,105,26996,39,2,17,5,1
5,105,26996,40,6,18,6,1
5,105,26996,41,3,19,7,1
5,105,26996,42,2,20,8,1
5,105,26996,43,1,21,9,1
5,105,26996,44,5,22,10,1
5,105,26996,45,1,23,11,1
5,105,26996,46,6,24,12,1
5,105,26996,47,1,25,13,1
5,105,26996,48,1,26,14,1
5,105,26996,49,6,27,15,1
5,105,26996,50,1,28,16,1.0199996
5,105,26996,51,1,29,17,1.5031445909
6,112,36381,35,8,13,1,1
6,112,36381,36,6,14,2,1
6,112,36381,37,8,15,3,1
6,112,36381,38,2,16,4,1
6,112,36381,39,11,17,5,1
6,112,36381,40,10,18,6,1
6,112,36381,41,6,19,7,1
6,112,36381,42,1,20,8,1
6,112,36381,43,2,21,9,1
6,112,36381,44,5,22,10,1
6,112,36381,45,3,23,11,1
6,112,36381,46,3,24,12,1
6,112,36381,47,1,25,13,1
6,112,36381,48,6,26,14,1
6,112,36381,49,5,27,15,1
6,112,36381,50,1,28,16,1
6,112,36381,51,2,29,17,1.2820476661
7,102,47857,35,1,13,1,1
7,102,47857,36,0,14,2,1
7,102,47857,37,1,15,3,1.1110987668
7,102,47857,38,0,16,4,1.2345404696
7,102,47857,39,0,17,5,1.3579821724
7,102,47857,40,0,18,6,1.3579821724
7,102,47857,41,1,19,7,1.3579821724
7,102,47857,42,1,20,8,1.3579821724
7,102,47857,43,1,21,9,1.3579821724
7,102,47857,44,8,22,10,1.3579821724
7,102,47857,45,3,23,11,1.3579821724
7,102,47857,46,1,24,12,1.3579821724
7,102,47857,47,3,25,13,1.3579821724
7,102,47857,48,3,26,14,1.5351025809
7,102,47857,49,2,27,15,1.7444252364
7,102,47857,50,2,28,16,2.6678901577
7,102,47857,51,3,29,17,5.0687512136
8,115,24134,35,7,13,1,1
8,115,24134,36,13,14,2,1
8,115,24134,37,8,15,3,1
8,115,24134,38,3,16,4,1
8,115,24134,39,2,17,5,1
8,115,24134,40,4,18,6,1
8,115,24134,41,7,19,7,1
8,115,24134,42,4,20,8,1
8,115,24134,43,2,21,9,1
8,115,24134,44,3,22,10,1
8,115,24134,45,2,23,11,1
8,115,24134,46,1,24,12,1
8,115,24134,47,4,25,13,1
8,115,24134,48,2,26,14,1.0131577216
8,115,24134,49,3,27,15,1.0259823406
8,115,24134,50,1,28,16,1.0522892428
8,115,24134,51,0,29,17,1.6280592856
9,105,40437,35,8,13,1,1
9,105,40437,36,11,14,2,1
9,105,40437,37,13,15,3,1
9,105,40437,38,9,16,4,1
9,105,40437,39,9,17,5,1
9,105,40437,40,17,18,6,1
9,105,40437,41,8,19,7,1
9,105,40437,42,12,20,8,1
9,105,40437,43,3,21,9,1
9,105,40437,44,2,22,10,1
9,105,40437,45,7,23,11,1.0090089278
9,105,40437,46,6,24,12,1.0090089278
9,105,40437,47,7,25,13,1.0174879232
9,105,40437,48,3,26,14,1.0338988864
9,105,40437,49,12,27,15,1.0664623745
9,105,40437,50,7,28,16,1.0916542007
9,105,40437,51,3,29,17,1.5919904975
10,116,44601,35,2,13,1,1
10,116,44601,36,4,14,2,1
10,116,44601,37,2,15,3,1
10,116,44601,38,0,16,4,1
10,116,44601,39,2,17,5,1
10,116,44601,40,5,18,6,1
10,116,44601,41,0,19,7,1
10,116,44601,42,1,20,8,1
10,116,44601,43,0,21,9,1
10,116,44601,44,2,22,10,1
10,116,44601,45,4,23,11,1
10,116,44601,46,4,24,12,1
10,116,44601,47,4,25,13,1
10,116,44601,48,7,26,14,1
10,116,44601,49,3,27,15,1
10,116,44601,50,2,28,16,1.0681802686
10,116,44601,51,12,29,17,3.9438290189
11,103,44874,35,0,13,1,1
11,103,44874,36,1,14,2,1
11,103,44874,37,2,15,3,1
11,103,44874,38,7,16,4,1
11,103,44874,39,3,17,5,1
11,103,44874,40,2,18,6,1
11,103,44874,41,2,19,7,1
11,103,44874,42,6,20,8,1
11,103,44874,43,6,21,9,1
11,103,44874,44,1,22,10,1
11,103,44874,45,5,23,11,1
11,103,44874,46,3,24,12,1
11,103,44874,47,1,25,13,1
11,103,44874,48,1,26,14,1
11,103,44874,49,2,27,15,1.0199996
11,103,44874,50,2,28,16,1.040399184
11,103,44874,51,2,29,17,1.2881073776
12,101,80686,35,11,13,1,1
12,101,80686,36,15,14,2,1
12,101,80686,37,14,15,3,1
12,101,80686,38,9,16,4,1
12,101,80686,39,8,17,5,1
12,101,80686,40,11,18,6,1
12,101,80686,41,4,19,7,1
12,101,80686,42,11,20,8,1
12,101,80686,43,8,21,9,1
12,101,80686,44,7,22,10,1
12,101,80686,45,15,23,11,1.0076335295
12,101,80686,46,13,24,12,1.0149351688
12,101,80686,47,8,25,13,1.0149351688
12,101,80686,48,8,26,14,1.0335009429
12,101,80686,49,13,27,15,1.0644438996
12,101,80686,50,13,28,16,1.1022345837
12,101,80686,51,8,29,17,1.7103587667
13,115,53767,35,8,13,1,1
13,115,53767,36,7,14,2,1
13,115,53767,37,8,15,3,1
13,115,53767,38,8,16,4,1
13,115,53767,39,5,17,5,1
13,115,53767,40,4,18,6,1
13,115,53767,41,4,19,7,1
13,115,53767,42,9,20,8,1
13,115,53767,43,12,21,9,1
13,115,53767,44,6,22,10,1
13,115,53767,45,13,23,11,1
13,115,53767,46,6,24,12,1
13,115,53767,47,6,25,13,1
13,115,53767,48,7,26,14,1.007999936
13,115,53767,49,5,27,15,1.0233891305
13,115,53767,50,9,28,16,1.0457989479
13,115,53767,51,4,29,17,1.4559121617
14,103,48507,35,5,13,1,1
14,103,48507,36,3,14,2,1
14,103,48507,37,4,15,3,1
14,103,48507,38,2,16,4,1
14,103,48507,39,1,17,5,1
14,103,48507,40,3,18,6,1
14,103,48507,41,8,19,7,1
14,103,48507,42,2,20,8,1
14,103,48507,43,4,21,9,1
14,103,48507,44,3,22,10,1
14,103,48507,45,3,23,11,1
14,103,48507,46,3,24,12,1
14,103,48507,47,0,25,13,1
14,103,48507,48,3,26,14,1
14,103,48507,49,6,27,15,1
14,103,48507,50,4,28,16,1
14,103,48507,51,2,29,17,1.3137193388
15,119,14096,35,0,13,1,1
15,119,14096,36,1,14,2,1
15,119,14096,37,0,15,3,1
15,119,14096,38,0,16,4,1
15,119,14096,39,3,17,5,1
15,119,14096,40,2,18,6,1
15,119,14096,41,3,19,7,1
15,119,14096,42,4,20,8,1
15,119,14096,43,2,21,9,1
15,119,14096,44,3,22,10,1
15,119,14096,45,3,23,11,1
15,119,14096,46,5,24,12,1.0588200694
15,119,14096,47,2,25,13,1.1833798094
15,119,14096,48,4,26,14,1.3702194193
15,119,14096,49,4,27,15,1.9182706502
15,119,14096,50,3,28,16,2.1313999931
15,119,14096,51,1,29,17,4.9729509226
16,106,24347,35,14,13,1,1
16,106,24347,36,8,14,2,1
16,106,24347,37,14,15,3,1
16,106,24347,38,16,16,4,1
16,106,24347,39,11,17,5,1
16,106,24347,40,6,18,6,1
16,106,24347,41,7,19,7,1
16,106,24347,42,5,20,8,1
16,106,24347,43,6,21,9,1
16,106,24347,44,10,22,10,1
16,106,24347,45,6,23,11,1
16,106,24347,46,10,24,12,1
16,106,24347,47,6,25,13,1
16,106,24347,48,4,26,14,1
16,106,24347,49,4,27,15,1.0049750996
16,106,24347,50,7,28,16,1.0554761071
16,106,24347,51,5,29,17,1.1570721945
17,117,11208,35,5,13,1,1
17,117,11208,36,6,14,2,1
17,117,11208,37,5,15,3,1
17,117,11208,38,7,16,4,1
17,117,11208,39,5,17,5,1
17,117,11208,40,8,18,6,1
17,117,11208,41,5,19,7,1
17,117,11208,42,6,20,8,1
17,117,11208,43,4,21,9,1
17,117,11208,44,1,22,10,1
17,117,11208,45,9,23,11,1
17,117,11208,46,5,24,12,1
17,117,11208,47,5,25,13,1
17,117,11208,48,0,26,14,1
17,117,11208,49,1,27,15,1
17,117,11208,50,4,28,16,1.0090089278
17,117,11208,51,3,29,17,2.4258849355
18,118,56830,35,2,13,1,1
18,118,56830,36,7,14,2,1
18,118,56830,37,5,15,3,1
18,118,56830,38,6,16,4,1
18,118,56830,39,8,17,5,1
18,118,56830,40,7,18,6,1
18,118,56830,41,7,19,7,1
18,118,56830,42,6,20,8,1
18,118,56830,43,10,21,9,1
18,118,56830,44,2,22,10,1
18,118,56830,45,9,23,11,1
18,118,56830,46,8,24,12,1
18,118,56830,47,5,25,13,1.0109888902
18,118,56830,48,10,26,14,1.0109888902
18,118,56830,49,2,27,15,1.0109888902
18,118,56830,50,9,28,16,1.0765153412
18,118,56830,51,0,29,17,2.0070467288
19,119,52704,35,2,13,1,1
19,119,52704,36,1,14,2,1000
19,119,52704,37,5,15,3,1000
19,119,52704,38,1,16,4,1000
19,119,52704,39,4,17,5,1000
19,119,52704,40,2,18,6,1000
19,119,52704,41,2,19,7,1000
19,119,52704,42,6,20,8,1000
19,119,52704,43,2,21,9,1000
19,119,52704,44,1,22,10,1000
19,119,52704,45,1,23,11,1000
19,119,52704,46,5,24,12,1000
19,119,52704,47,6,25,13,1000
19,119,52704,48,2,26,14,1000
19,119,52704,49,4,27,15,1000
19,119,52704,50,8,28,16,1000
19,119,52704,51,7,29,17,1000
20,121,38038,35,3,13,1,1
20,121,38038,36,3,14,2,1
20,121,38038,37,4,15,3,1
20,121,38038,38,3,16,4,1
20,121,38038,39,4,17,5,1
20,121,38038,40,1,18,6,1
20,121,38038,41,1,19,7,1
20,121,38038,42,3,20,8,1
20,121,38038,43,1,21,9,1
20,121,38038,44,5,22,10,1
20,121,38038,45,3,23,11,1.0333322223
20,121,38038,46,4,24,12,1.0333322223
20,121,38038,47,5,25,13,1.0333322223
20,121,38038,48,4,26,14,1.0333322223
20,121,38038,49,2,27,15,1.0544202046
20,121,38038,50,1,28,16,1.094974048
20,121,38038,51,3,29,17,1.3750771741
21,103,35196,35,5,13,1,1
21,103,35196,36,9,14,2,1
21,103,35196,37,3,15,3,1
21,103,35196,38,7,16,4,1
21,103,35196,39,6,17,5,1
21,103,35196,40,6,18,6,1
21,103,35196,41,7,19,7,1
21,103,35196,42,10,20,8,1
21,103,35196,43,7,21,9,1.0185181756
21,103,35196,44,3,22,10,1.0185181756
21,103,35196,45,5,23,11,1.0322817487
21,103,35196,46,4,24,12,1.0322817487
21,103,35196,47,7,25,13,1.057155708
21,103,35196,48,2,26,14,1.057155708
21,103,35196,49,4,27,15,1.0682835457
21,103,35196,50,5,28,16,1.1257175274
21,103,35196,51,4,29,17,1.6799083995
22,114,52921,35,6,13,1,1
22,114,52921,36,1,14,2,1
22,114,52921,37,6,15,3,1
22,114,52921,38,3,16,4,1
22,114,52921,39,3,17,5,1
22,114,52921,40,9,18,6,1
22,114,52921,41,6,19,7,1
22,114,52921,42,1,20,8,1
22,114,52921,43,1,21,9,1
22,114,52921,44,4,22,10,1
22,114,52921,45,2,23,11,1
22,114,52921,46,1,24,12,1.0208328993
22,114,52921,47,3,25,13,1.0208328993
22,114,52921,48,2,26,14,1.0208328993
22,114,52921,49,5,27,15,1.0208328993
22,114,52921,50,2,28,16,1.03939316
22,114,52921,51,5,29,17,1.4600898987
23,107,52274,35,1,13,1,1
23,107,52274,36,4,14,2,1
23,107,52274,37,5,15,3,1
23,107,52274,38,5,16,4,1
23,107,52274,39,6,17,5,1
23,107,52274,40,1,18,6,1
23,107,52274,41,5,19,7,1
23,107,52274,42,4,20,8,1
23,107,52274,43,4,21,9,1
23,107,52274,44,2,22,10,1
23,107,52274,45,8,23,11,1
23,107,52274,46,7,24,12,1
23,107,52274,47,7,25,13,1
23,107,52274,48,7,26,14,1
23,107,52274,49,4,27,15,1
23,107,52274,50,3,28,16,1
23,107,52274,51,1,29,17,1.2297266253
24,104,15329,35,0,13,1,1
24,104,15329,36,0,14,2,1
24,104,15329,37,0,15,3,1
24,104,15329,38,0,16,4,1
24,104,15329,39,0,17,5,1
24,104,15329,40,2,18,6,1
24,104,15329,41,1,19,7,1
24,104,15329,42,0,20,8,1
24,104,15329,43,0,21,9,1
24,104,15329,44,0,22,10,1
24,104,15329,45,0,23,11,1
24,104,15329,46,0,24,12,1
24,104,15329,47,0,25,13,1
24,104,15329,48,0,26,14,1
24,104,15329,49,0,27,15,1
24,104,15329,50,0,28,16,1
24,104,15329,51,0,29,17,2.998001998
25,112,34320,35,8,13,1,1
25,112,34320,36,1,14,2,1
25,112,34320,37,3,15,3,1
25,112,34320,38,2,16,4,1
25,112,34320,39,3,17,5,1
25,112,34320,40,5,18,6,1
25,112,34320,41,2,19,7,1
25,112,34320,42,4,20,8,1
25,112,34320,43,4,21,9,1
25,112,34320,44,3,22,10,1
25,112,34320,45,4,23,11,1.0256403682
25,112,34320,46,8,24,12,1.0256403682
25,112,34320,47,2,25,13,1.0256403682
25,112,34320,48,2,26,14,1.0256403682
25,112,34320,49,4,27,15,1.0256403682
25,112,34320,50,4,28,16,1.0256403682
25,112,34320,51,4,29,17,1.3128139278
26,111,36220,35,3,13,1,1
26,111,36220,36,2,14,2,1
26,111,36220,37,1,15,3,1
26,111,36220,38,3,16,4,1
26,111,36220,39,2,17,5,1
26,111,36220,40,2,18,6,1
26,111,36220,41,4,19,7,1
26,111,36220,42,1,20,8,1
26,111,36220,43,4,21,9,1
26,111,36220,44,3,22,10,1
26,111,36220,45,5,23,11,1
26,111,36220,46,6,24,12,1
26,111,36220,47,1,25,13,1.024389649
26,111,36220,48,4,26,14,1.024389649
26,111,36220,49,2,27,15,1.0926807747
26,111,36220,50,1,28,16,1.2416793122
26,111,36220,51,0,29,17,2.94073
27,105,42122,35,4,13,1,1
27,105,42122,36,4,14,2,1
27,105,42122,37,2,15,3,1
27,105,42122,38,7,16,4,1
27,105,42122,39,2,17,5,1
27,105,42122,40,9,18,6,1
27,105,42122,41,2,19,7,1
27,105,42122,42,3,20,8,1
27,105,42122,43,6,21,9,1
27,105,42122,44,5,22,10,1
27,105,42122,45,6,23,11,1
27,105,42122,46,5,24,12,1
27,105,42122,47,5,25,13,1
27,105,42122,48,7,26,14,1
27,105,42122,49,5,27,15,1
27,105,42122,50,1,28,16,1.0102039775
27,105,42122,51,2,29,17,1.6676278768
28,120,109840,35,12,13,1,1
28,120,109840,36,11,14,2,1
28,120,109840,37,12,15,3,1
28,120,109840,38,9,16,4,1
28,120,109840,39,9,17,5,1
28,120,109840,40,15,18,6,1
28,120,109840,41,18,19,7,1
28,120,109840,42,11,20,8,1
28,120,109840,43,14,21,9,1
28,120,109840,44,9,22,10,1
28,120,109840,45,7,23,11,1
28,120,109840,46,7,24,12,1
28,120,109840,47,6,25,13,1
28,120,109840,48,14,26,14,1
28,120,109840,49,15,27,15,1
28,120,109840,50,8,28,16,1.0218578041
28,120,109840,51,7,29,17,1.9835968967
29,121,33449,35,8,13,1,1
29,121,33449,36,12,14,2,1.0499975001
29,121,33449,37,13,15,3,1.1117602424
29,121,33449,38,9,16,4,1.1580826208
29,121,33449,39,13,17,5,1.1942721372
29,121,33449,40,13,18,6,1.2108590199
29,121,33449,41,9,19,7,1.2108590199
29,121,33449,42,13,20,8,1.2234720033
29,121,33449,43,8,21,9,1.24677601
29,121,33449,44,8,22,10,1.2573418188
29,121,33449,45,14,23,11,1.2772994671
29,121,33449,46,14,24,12,1.2867608745
29,121,33449,47,16,25,13,1.3042677061
29,121,33449,48,13,26,14,1.3123686974
29,121,33449,49,14,27,15,1.3581487347
29,121,33449,50,12,28,16,1.459619034
29,121,33449,51,10,29,17,2.3781644731
30,113,40125,35,4,13,1,1
30,113,40125,36,3,14,2,1
30,113,40125,37,3,15,3,1
30,113,40125,38,3,16,4,1
30,113,40125,39,2,17,5,1
30,113,40125,40,4,18,6,1
30,113,40125,41,2,19,7,1
30,113,40125,42,2,20,8,1
30,113,40125,43,2,21,9,1
30,113,40125,44,4,22,10,1
30,113,40125,45,4,23,11,1
30,113,40125,46,7,24,12,1
30,113,40125,47,3,25,13,1
30,113,40125,48,5,26,14,1.0181814876
30,113,40125,49,2,27,15,1.0181814876
30,113,40125,50,9,28,16,1.0181814876
30,113,40125,51,5,29,17,1.6545290087
31,108,31912,35,5,13,1,1
31,108,31912,36,8,14,2,1
31,108,31912,37,5,15,3,1
31,108,31912,38,1,16,4,1
31,108,31912,39,7,17,5,1
31,108,31912,40,2,18,6,1
31,108,31912,41,6,19,7,1.0312490235
31,108,31912,42,6,20,8,1.0312490235
31,108,31912,43,4,21,9,1.0312490235
31,108,31912,44,4,22,10,1.0312490235
31,108,31912,45,8,23,11,1.0312490235
31,108,31912,46,6,24,12,1.0312490235
31,108,31912,47,3,25,13,1.0639865681
31,108,31912,48,3,26,14,1.1123488611
31,108,31912,49,1,27,15,1.2379346102
31,108,31912,50,3,28,16,1.6421499071
31,108,31912,51,3,29,17,5.2341283302
32,110,33742,35,3,13,1,1
32,110,33742,36,2,14,2,1
32,110,33742,37,3,15,3,1
32,110,33742,38,5,16,4,1
32,110,33742,39,1,17,5,1
32,110,33742,40,2,18,6,1
32,110,33742,41,1,19,7,1
32,110,33742,42,1,20,8,1
32,110,33742,43,1,21,9,1
32,110,33742,44,2,22,10,1
32,110,33742,45,1,23,11,1
32,110,33742,46,0,24,12,1
32,110,33742,47,5,25,13,1
32,110,33742,48,2,26,14,1
32,110,33742,49,1,27,15,1.0606042241
32,110,33742,50,2,28,16,1.1931756093
32,110,33742,51,2,29,17,3.1204648789
33,107,70084,35,43,13,1,1
33,107,70084,36,33,14,2,1
33,107,70084,37,41,15,3,1
33,107,70084,38,48,16,4,1
33,107,70084,39,28,17,5,1
33,107,70084,40,35,18,6,1
33,107,70084,41,26,19,7,1
33,107,70084,42,38,20,8,1
33,107,70084,43,35,21,9,1
33,107,70084,44,35,22,10,1
33,107,70084,45,31,23,11,1
33,107,70084,46,38,24,12,1
33,107,70084,47,37,25,13,1
33,107,70084,48,29,26,14,1.0015267152
33,107,70084,49,43,27,15,1.0015267152
33,107,70084,50,43,28,16,1.0056425728
33,107,70084,51,40,29,17,1.3414272551
34,116,24202,35,1,13,1,1
34,116,24202,36,2,14,2,1
34,116,24202,37,1,15,3,1
34,116,24202,38,0,16,4,1
34,116,24202,39,6,17,5,1
34,116,24202,40,2,18,6,1
34,116,24202,41,2,19,7,1
34,116,24202,42,1,20,8,1
34,116,24202,43,3,21,9,1
34,116,24202,44,5,22,10,1
34,116,24202,45,5,23,11,1.105257618
34,116,24202,46,5,24,12,1.105257618
34,116,24202,47,1,25,13,1.1447296947
34,116,24202,48,6,26,14,1.1805013798
34,116,24202,49,0,27,15,1.2173908951
34,116,24202,50,5,28,16,1.4018384717
34,116,24202,51,2,29,17,3.4043218253
35,101,60587,35,5,13,1,1
35,101,60587,36,11,14,2,1
35,101,60587,37,14,15,3,1
35,101,60587,38,11,16,4,1
35,101,60587,39,12,17,5,1
35,101,60587,40,13,18,6,1
35,101,60587,41,17,19,7,1
35,101,60587,42,13,20,8,1.0114941208
35,101,60587,43,12,21,9,1.0209472485
35,101,60587,44,7,22,10,1.0381058816
35,101,60587,45,8,23,11,1.0620619869
35,101,60587,46,17,24,12,1.0774540781
35,101,60587,47,17,25,13,1.0922136219
35,101,60587,48,16,26,14,1.1261330889
35,101,60587,49,11,27,15,1.1649650412
35,101,60587,50,7,28,16,1.2296849617
35,101,60587,51,6,29,17,1.6985542718
36,106,22100,35,5,13,1,1
36,106,22100,36,7,14,2,1
36,106,22100,37,5,15,3,1
36,106,22100,38,3,16,4,1
36,106,22100,39,7,17,5,1
36,106,22100,40,5,18,6,1
36,106,22100,41,8,19,7,1
36,106,22100,42,5,20,8,1
36,106,22100,43,4,21,9,1
36,106,22100,44,6,22,10,1
36,106,22100,45,8,23,11,1.0169488653
36,106,22100,46,9,24,12,1.0325939917
36,106,22100,47,2,25,13,1.0471373642
36,106,22100,48,6,26,14,1.0471373642
36,106,22100,49,5,27,15,1.0859197508
36,106,22100,50,0,28,16,1.1663572578
36,106,22100,51,4,29,17,2.7862528965
37,101,39521,35,3,13,1,1
37,101,39521,36,4,14,2,1.2499375156
37,101,39521,37,5,15,3,1.4284745126
37,101,39521,38,6,16,4,1.5583240274
37,101,39521,39,7,17,5,1.6499847548
37,101,39521,40,3,18,6,1.6499847548
37,101,39521,41,3,19,7,1.6499847548
37,101,39521,42,2,20,8,1.6499847548
37,101,39521,43,9,21,9,1.6499847548
37,101,39521,44,2,22,10,1.6499847548
37,101,39521,45,3,23,11,1.6817146207
37,101,39521,46,7,24,12,1.6817146207
37,101,39521,47,3,25,13,1.6817146207
37,101,39521,48,5,26,14,1.7071947592
37,101,39521,49,2,27,15,1.812251282
37,101,39521,50,8,28,16,2.5229241245
37,101,39521,51,5,29,17,42.876259004
38,103,30006,35,2,13,1,1
38,103,30006,36,4,14,2,1
38,103,30006,37,10,15,3,1
38,103,30006,38,2,16,4,1
38,103,30006,39,3,17,5,1
38,103,30006,40,5,18,6,1
38,103,30006,41,4,19,7,1
38,103,30006,42,6,20,8,1
38,103,30006,43,6,21,9,1
38,103,30006,44,7,22,10,1
38,103,30006,45,5,23,11,1.0188675685
38,103,30006,46,8,24,12,1.0188675685
38,103,30006,47,3,25,13,1.0507066826
38,103,30006,48,5,26,14,1.0507066826
38,103,30006,49,9,27,15,1.0933023238
38,103,30006,50,5,28,16,1.1819472603
38,103,30006,51,4,29,17,1.4252857648
39,118,53018,35,3,13,1,1
39,118,53018,36,4,14,2,1
39,118,53018,37,1,15,3,1
39,118,53018,38,0,16,4,1
39,118,53018,39,0,17,5,1
39,118,53018,40,1,18,6,1
39,118,53018,41,11,19,7,1
39,118,53018,42,13,20,8,1
39,118,53018,43,11,21,9,1
39,118,53018,44,12,22,10,1
39,118,53018,45,12,23,11,1.0204077468
39,118,53018,46,4,24,12,1.0204077468
39,118,53018,47,4,25,13,1.0343857436
39,118,53018,48,6,26,14,1.0479959033
39,118,53018,49,9,27,15,1.0755743799
39,118,53018,50,4,28,16,1.2063857125
39,118,53018,51,4,29,17,2.9245193596
40,118,30883,35,9,13,1,1
40,118,30883,36,3,14,2,1
40,118,30883,37,7,15,3,1
40,118,30883,38,3,16,4,1
40,118,30883,39,3,17,5,1
40,118,30883,40,8,18,6,1
40,118,30883,41,5,19,7,1
40,118,30883,42,4,20,8,1
40,118,30883,43,5,21,9,1
40,118,30883,44,2,22,10,1
40,118,30883,45,4,23,11,1
40,118,30883,46,3,24,12,1
40,118,30883,47,3,25,13,1
40,118,30883,48,4,26,14,1
40,118,30883,49,4,27,15,1
40,118,30883,50,5,28,16,1.0540533236
40,118,30883,51,2,29,17,2.1935396333
41,108,76553,35,9,13,1,1
41,108,76553,36,6,14,2,1
41,108,76553,37,12,15,3,1.0454524794
41,108,76553,38,12,16,4,1.0781218485
41,108,76553,39,14,17,5,1.1020795794
41,108,76553,40,12,18,6,1.1020795794
41,108,76553,41,9,19,7,1.1020795794
41,108,76553,42,6,20,8,1.1020795794
41,108,76553,43,12,21,9,1.1020795794
41,108,76553,44,12,22,10,1.1020795794
41,108,76553,45,12,23,11,1.1020795794
41,108,76553,46,18,24,12,1.1102430714
41,108,76553,47,15,25,13,1.1333729747
41,108,76553,48,9,26,14,1.1404565116
41,108,76553,49,21,27,15,1.1469363413
41,108,76553,50,14,28,16,1.2623079533
41,108,76553,51,16,29,17,3.0137383456
42,111,45131,35,10,13,1,1
42,111,45131,36,6,14,2,1
42,111,45131,37,7,15,3,1
42,111,45131,38,4,16,4,1
42,111,45131,39,7,17,5,1
42,111,45131,40,5,18,6,1
42,111,45131,41,11,19,7,1
42,111,45131,42,7,20,8,1
42,111,45131,43,7,21,9,1
42,111,45131,44,7,22,10,1
42,111,45131,45,4,23,11,1
42,111,45131,46,7,24,12,1
42,111,45131,47,9,25,13,1.0101009081
42,111,45131,48,10,26,14,1.0101009081
42,111,45131,49,5,27,15,1.0189613646
42,111,45131,50,8,28,16,1.0442246608
42,111,45131,51,1,29,17,1.3395579453
43,117,42707,35,21,13,1,1
43,117,42707,36,11,14,2,1
43,117,42707,37,10,15,3,1
43,117,42707,38,8,16,4,1
43,117,42707,39,1,17,5,1
43,117,42707,40,7,18,6,1
43,117,42707,41,8,19,7,1
43,117,42707,42,11,20,8,1
43,117,42707,43,5,21,9,1
43,117,42707,44,10,22,10,1
43,117,42707,45,7,23,11,1
43,117,42707,46,7,24,12,1
43,117,42707,47,6,25,13,1
43,117,42707,48,8,26,14,1
43,117,42707,49,9,27,15,1
43,117,42707,50,20,28,16,1
43,117,42707,51,38,29,17,1.1081073777
44,119,73285,35,24,13,1,1
44,119,73285,36,28,14,2,1
44,119,73285,37,26,15,3,1
44,119,73285,38,25,16,4,1
44,119,73285,39,21,17,5,1
44,119,73285,40,17,18,6,1
44,119,73285,41,12,19,7,1
44,119,73285,42,10,20,8,1
44,119,73285,43,10,21,9,1
44,119,73285,44,16,22,10,1
44,119,73285,45,25,23,11,1.0042193915
44,119,73285,46,18,24,12,1.0042193915
44,119,73285,47,15,25,13,1.0078316785
44,119,73285,48,26,26,14,1.0112250397
44,119,73285,49,20,27,15,1.0443798503
44,119,73285,50,25,28,16,1.1450008305
44,119,73285,51,21,29,17,2.0806247342
45,113,18023,35,13,13,1,1
45,113,18023,36,14,14,2,1
45,113,18023,37,4,15,3,1
45,113,18023,38,5,16,4,1
45,113,18023,39,8,17,5,1
45,113,18023,40,11,18,6,1
45,113,18023,41,2,19,7,1
45,113,18023,42,5,20,8,1
45,113,18023,43,6,21,9,1
45,113,18023,44,9,22,10,1
45,113,18023,45,6,23,11,1
45,113,18023,46,13,24,12,1
45,113,18023,47,7,25,13,1
45,113,18023,48,6,26,14,1
45,113,18023,49,4,27,15,1.0218976504
45,113,18023,50,4,28,16,1.1328004116
45,113,18023,51,10,29,17,2.335293118
46,119,41957,35,20,13,1,1
46,119,41957,36,17,14,2,1
46,119,41957,37,16,15,3,1
46,119,41957,38,20,16,4,1
46,119,41957,39,8,17,5,1
46,119,41957,40,14,18,6,1
46,119,41957,41,20,19,7,1
46,119,41957,42,9,20,8,1
46,119,41957,43,11,21,9,1
46,119,41957,44,16,22,10,1
46,119,41957,45,6,23,11,1.0054944753
46,119,41957,46,8,24,12,1.0105727046
46,119,41957,47,5,25,13,1.0306835041
46,119,41957,48,14,26,14,1.0611469059
46,119,41957,49,14,27,15,1.1377241229
46,119,41957,50,15,28,16,1.1654733564
46,119,41957,51,12,29,17,1.4454458389
47,107,75090,35,6,13,1,1
47,107,75090,36,22,14,2,1
47,107,75090,37,13,15,3,1
47,107,75090,38,6,16,4,1
47,107,75090,39,6,17,5,1
47,107,75090,40,9,18,6,1
47,107,75090,41,14,19,7,1
47,107,75090,42,13,20,8,1
47,107,75090,43,10,21,9,1
47,107,75090,44,10,22,10,1
47,107,75090,45,10,23,11,1
47,107,75090,46,14,24,12,1
47,107,75090,47,13,25,13,1
47,107,75090,48,8,26,14,1.0167596829
47,107,75090,49,5,27,15,1.0602571907
47,107,75090,50,12,28,16,1.153466102
47,107,75090,51,17,29,17,2.0078775255
48,104,16302,35,2,13,1,1
48,104,16302,36,5,14,2,1
48,104,16302,37,9,15,3,1
48,104,16302,38,2,16,4,1
48,104,16302,39,3,17,5,1
48,104,16302,40,4,18,6,1
48,104,16302,41,3,19,7,1
48,104,16302,42,4,20,8,1
48,104,16302,43,8,21,9,1
48,104,16302,44,3,22,10,1
48,104,16302,45,4,23,11,1
48,104,16302,46,1,24,12,1
48,104,16302,47,8,25,13,1
48,104,16302,48,3,26,14,1
48,104,16302,49,3,27,15,1.0158727639
48,104,16302,50,0,28,16,1.0476182918
48,104,16302,51,5,29,17,1.4622918932
49,106,16846,35,7,13,1,1
49,106,16846,36,2,14,2,1
49,106,16846,37,6,15,3,1
49,106,16846,38,5,16,4,1
49,106,16846,39,6,17,5,1
49,106,16846,40,5,18,6,1
49,106,16846,41,2,19,7,1
49,106,16846,42,3,20,8,1
49,106,16846,43,2,21,9,1
49,106,16846,44,2,22,10,1
49,106,16846,45,6,23,11,1
49,106,16846,46,5,24,12,1
49,106,16846,47,9,25,13,1
49,106,16846,48,1,26,14,1.0156247559
49,106,16846,49,4,27,15,1.0438361628
49,106,16846,50,2,28,16,1.2095218127
49,106,16846,51,5,29,17,1.8417574822
50,121,45224,35,5,13,1,1
50,121,45224,36,4,14,2,1
50,121,45224,37,5,15,3,1
50,121,45224,38,5,16,4,1
50,121,45224,39,3,17,5,1
50,121,45224,40,0,18,6,1.0384600592
50,121,45224,41,4,19,7,1.075546594
50,121,45224,42,2,20,8,1.4028726301
50,121,45224,43,6,21,9,1.721692827
50,121,45224,44,5,22,10,1.9676372335
50,121,45224,45,2,23,11,1.9676372335
50,121,45224,46,3,24,12,2.2390261143
50,121,45224,47,3,25,13,2.3934363839
50,121,45224,48,3,26,14,3.063571766
50,121,45224,49,5,27,15,3.7295366732
50,121,45224,50,3,28,16,4.0403184467
50,121,45224,51,2,29,17,5.0503559735
51,115,17942,35,1,13,1,1
51,115,17942,36,2,14,2,1
51,115,17942,37,2,15,3,1
51,115,17942,38,0,16,4,1
51,115,17942,39,3,17,5,1
51,115,17942,40,4,18,6,1
51,115,17942,41,3,19,7,1
51,115,17942,42,2,20,8,1
51,115,17942,43,2,21,9,1
51,115,17942,44,0,22,10,1
51,115,17942,45,0,23,11,1
51,115,17942,46,1,24,12,1.0399984001
51,115,17942,47,1,25,13,1.0815966721
51,115,17942,48,6,26,14,1.0815966721
51,115,17942,49,2,27,15,1.1216543245
51,115,17942,50,1,28,16,1.1567049268
51,115,17942,51,1,29,17,1.5731020446
52,109,33039,35,0,13,1,1
52,109,33039,36,2,14,2,1
52,109,33039,37,4,15,3,1
52,109,33039,38,9,16,4,1
52,109,33039,39,7,17,5,1
52,109,33039,40,2,18,6,1
52,109,33039,41,6,19,7,1
52,109,33039,42,8,20,8,1
52,109,33039,43,9,21,9,1
52,109,33039,44,4,22,10,1
52,109,33039,45,7,23,11,1
52,109,33039,46,3,24,12,1
52,109,33039,47,3,25,13,1
52,109,33039,48,6,26,14,1
52,109,33039,49,2,27,15,1.0120480476
52,109,33039,50,3,28,16,1.0473516388
52,109,33039,51,8,29,17,1.3205698457
53,105,35401,35,6,13,1,1
53,105,35401,36,6,14,2,1
53,105,35401,37,3,15,3,1
53,105,35401,38,5,16,4,1
53,105,35401,39,11,17,5,1
53,105,35401,40,7,18,6,1
53,105,35401,41,2,19,7,1
53,105,35401,42,7,20,8,1
53,105,35401,43,8,21,9,1
53,105,35401,44,7,22,10,1
53,105,35401,45,6,23,11,1
53,105,35401,46,10,24,12,1
53,105,35401,47,8,25,13,1
53,105,35401,48,7,26,14,1
53,105,35401,49,7,27,15,1.025861846
53,105,35401,50,9,28,16,1.1504981017
53,105,35401,51,7,29,17,3.1925811802
54,107,60521,35,26,13,1,1
54,107,60521,36,22,14,2,1
54,107,60521,37,31,15,3,1.017856824
54,107,60521,38,23,16,4,1.0299740229
54,107,60521,39,35,17,5,1.0471401135
54,107,60521,40,20,18,6,1.0471401135
54,107,60521,41,23,19,7,1.0471401135
54,107,60521,42,41,20,8,1.05201051
54,107,60521,43,19,21,9,1.0564307037
54,107,60521,44,14,22,10,1.0564307037
54,107,60521,45,19,23,11,1.0669250137
54,107,60521,46,24,24,12,1.070301348
54,107,60521,47,17,25,13,1.0734867592
54,107,60521,48,14,26,14,1.0855483743
54,107,60521,49,20,27,15,1.1092761427
54,107,60521,50,15,28,16,1.1455466535
54,107,60521,51,17,29,17,1.4244937965
55,110,11203,35,3,13,1,1
55,110,11203,36,2,14,2,1
55,110,11203,37,3,15,3,1
55,110,11203,38,2,16,4,1
55,110,11203,39,1,17,5,1
55,110,11203,40,0,18,6,1
55,110,11203,41,3,19,7,1
55,110,11203,42,1,20,8,1
55,110,11203,43,0,21,9,1
55,110,11203,44,0,22,10,1
55,110,11203,45,0,23,11,1
55,110,11203,46,0,24,12,1
55,110,11203,47,0,25,13,1
55,110,11203,48,0,26,14,1
55,110,11203,49,0,27,15,1.0454524794
55,110,11203,50,0,28,16,1.0454524794
55,110,11203,51,0,29,17,1.3529204164
56,102,68941,35,40,13,1,1
56,102,68941,36,32,14,2,1
56,102,68941,37,38,15,3,1
56,102,68941,38,38,16,4,1
56,102,68941,39,14,17,5,1
56,102,68941,40,7,18,6,1
56,102,68941,41,25,19,7,1
56,102,68941,42,31,20,8,1
56,102,68941,43,25,21,9,1
56,102,68941,44,38,22,10,1
56,102,68941,45,15,23,11,1.0028248508
56,102,68941,46,32,24,12,1.0104995112
56,102,68941,47,32,25,13,1.0129701641
56,102,68941,48,30,26,14,1.0198299917
56,102,68941,49,27,27,15,1.026230585
56,102,68941,50,28,28,16,1.0465922625
56,102,68941,51,21,29,17,1.325682868
57,116,21566,35,7,13,1,1
57,116,21566,36,4,14,2,1
57,116,21566,37,3,15,3,1
57,116,21566,38,5,16,4,1
57,116,21566,39,1,17,5,1
57,116,21566,40,3,18,6,1
57,116,21566,41,4,19,7,1
57,116,21566,42,5,20,8,1
57,116,21566,43,2,21,9,1
57,116,21566,44,8,22,10,1
57,116,21566,45,4,23,11,1
57,116,21566,46,12,24,12,1.0172410821
57,116,21566,47,4,25,13,1.0172410821
57,116,21566,48,4,26,14,1.0172410821
57,116,21566,49,5,27,15,1.0172410821
57,116,21566,50,6,28,16,1.0553871458
57,116,21566,51,5,29,17,1.3851904757
58,108,49410,35,4,13,1,1
58,108,49410,36,1,14,2,1
58,108,49410,37,0,15,3,1.7498125469
58,108,49410,38,0,16,4,3.4991877499
58,108,49410,39,2,17,5,6.2979781918
58,108,49410,40,2,18,6,6.2979781918
58,108,49410,41,4,19,7,6.2979781918
58,108,49410,42,2,20,8,6.2979781918
58,108,49410,43,2,21,9,8.0154524737
58,108,49410,44,1,22,10,11.577480014
58,108,49410,45,1,23,11,14.471488267
58,108,49410,46,3,24,12,16.280198212
58,108,49410,47,3,25,13,18.314968642
58,108,49410,48,5,26,14,25.182223476
58,108,49410,49,3,27,15,34.62437701
58,108,49410,50,1,28,16,45.010651486
58,108,49410,51,3,29,17,269.95143852
59,101,23678,35,3,13,1,1
59,101,23678,36,6,14,2,1
59,101,23678,37,4,15,3,1
59,101,23678,38,1,16,4,1
59,101,23678,39,5,17,5,1
59,101,23678,40,2,18,6,1
59,101,23678,41,1,19,7,1
59,101,23678,42,2,20,8,1
59,101,23678,43,2,21,9,1
59,101,23678,44,3,22,10,1
59,101,23678,45,2,23,11,1
59,101,23678,46,9,24,12,1
59,101,23678,47,2,25,13,1.0199996
59,101,23678,48,2,26,14,1.0557884318
59,101,23678,49,4,27,15,1.09283299
59,101,23678,50,2,28,16,1.2399422943
59,101,23678,51,4,29,17,2.3879944907
60,117,31864,35,11,13,1,1
60,117,31864,36,11,14,2,1
60,117,31864,37,8,15,3,1
60,117,31864,38,13,16,4,1
60,117,31864,39,11,17,5,1
60,117,31864,40,9,18,6,1
60,117,31864,41,11,19,7,1
60,117,31864,42,11,20,8,1
60,117,31864,43,14,21,9,1
60,117,31864,44,17,22,10,1
60,117,31864,45,11,23,11,1
60,117,31864,46,11,24,12,1
60,117,31864,47,8,25,13,1
60,117,31864,48,8,26,14,1.0052083062
60,117,31864,49,8,27,15,1.0102343226
60,117,31864,50,16,28,16,1.0199480675
60,117,31864,51,12,29,17,1.260608619
61,115,43456,35,14,13,1,1
61,115,43456,36,11,14,2,1
61,115,43456,37,14,15,3,1
61,115,43456,38,18,16,4,1
61,115,43456,39,9,17,5,1
61,115,43456,40,9,18,6,1.0117645675
61,115,43456,41,4,19,7,1.0224146087
61,115,43456,42,14,20,8,1.0224146087
61,115,43456,43,10,21,9,1.0224146087
61,115,43456,44,5,22,10,1.0224146087
61,115,43456,45,11,23,11,1.0224146087
61,115,43456,46,12,24,12,1.0295146609
61,115,43456,47,14,25,13,1.0295146609
61,115,43456,48,7,26,14,1.0418441039
61,115,43456,49,16,27,15,1.0593050807
61,115,43456,50,8,28,16,1.1319427284
61,115,43456,51,8,29,17,1.9477499577
62,113,32451,35,8,13,1,1
62,113,32451,36,5,14,2,1
62,113,32451,37,3,15,3,1
62,113,32451,38,7,16,4,1
62,113,32451,39,6,17,5,1
62,113,32451,40,8,18,6,1
62,113,32451,41,10,19,7,1
62,113,32451,42,6,20,8,1
62,113,32451,43,7,21,9,1
62,113,32451,44,5,22,10,1
62,113,32451,45,2,23,11,1
62,113,32451,46,5,24,12,1.0120480476
62,113,32451,47,8,25,13,1.0361441428
62,113,32451,48,10,26,14,1.0361441428
62,113,32451,49,7,27,15,1.0575077194
62,113,32451,50,5,28,16,1.130081067
62,113,32451,51,0,29,17,1.8320904873
63,106,67205,35,18,13,1,1
63,106,67205,36,13,14,2,1
63,106,67205,37,11,15,3,1
63,106,67205,38,5,16,4,1
63,106,67205,39,8,17,5,1
63,106,67205,40,11,18,6,1
63,106,67205,41,11,19,7,1
63,106,67205,42,12,20,8,1
63,106,67205,43,9,21,9,1
63,106,67205,44,12,22,10,1
63,106,67205,45,10,23,11,1
63,106,67205,46,10,24,12,1.0069443962
63,106,67205,47,6,25,13,1.020106982
63,106,67205,48,18,26,14,1.0264038998
63,106,67205,49,13,27,15,1.0264038998
63,106,67205,50,6,28,16,1.072534153
63,106,67205,51,4,29,17,1.674194762
64,108,20671,35,3,13,1,1
64,108,20671,36,5,14,2,1
64,108,20671,37,1,15,3,1
64,108,20671,38,4,16,4,1
64,108,20671,39,2,17,5,1
64,108,20671,40,1,18,6,1
64,108,20671,41,1,19,7,1
64,108,20671,42,2,20,8,1
64,108,20671,43,0,21,9,1
64,108,20671,44,2,22,10,1
64,108,20671,45,2,23,11,1.0434763706
64,108,20671,46,0,24,12,1.0434763706
64,108,20671,47,1,25,13,1.0434763706
64,108,20671,48,2,26,14,1.0836085336
64,108,20671,49,4,27,15,1.1269511412
64,108,20671,50,2,28,16,1.1702937489
64,108,20671,51,1,29,17,1.4628549961
65,104,23699,35,13,13,1,1
65,104,23699,36,6,14,2,1
65,104,23699,37,4,15,3,1
65,104,23699,38,2,16,4,1
65,104,23699,39,8,17,5,1
65,104,23699,40,6,18,6,1
65,104,23699,41,3,19,7,1
65,104,23699,42,5,20,8,1
65,104,23699,43,5,21,9,1
65,104,23699,44,0,22,10,1
65,104,23699,45,3,23,11,1
65,104,23699,46,6,24,12,1
65,104,23699,47,3,25,13,1.0109888902
65,104,23699,48,1,26,14,1.0109888902
65,104,23699,49,1,27,15,1.0206172642
65,104,23699,50,7,28,16,1.0396940441
65,104,23699,51,4,29,17,1.2073848287
66,112,30599,35,3,13,1,1
66,112,30599,36,4,14,2,1
66,112,30599,37,6,15,3,1
66,112,30599,38,5,16,4,1
66,112,30599,39,4,17,5,1
66,112,30599,40,6,18,6,1
66,112,30599,41,3,19,7,1
66,112,30599,42,4,20,8,1
66,112,30599,43,4,21,9,1
66,112,30599,44,3,22,10,1
66,112,30599,45,4,23,11,1
66,112,30599,46,3,24,12,1
66,112,30599,47,3,25,13,1
66,112,30599,48,3,26,14,1
66,112,30599,49,0,27,15,1
66,112,30599,50,3,28,16,1.0161287721
66,112,30599,51,0,29,17,1.5365722787
67,121,51566,35,7,13,1,1
67,121,51566,36,5,14,2,1
67,121,51566,37,6,15,3,1
67,121,51566,38,12,16,4,1
67,121,51566,39,11,17,5,1
67,121,51566,40,7,18,6,1
67,121,51566,41,2,19,7,1
67,121,51566,42,7,20,8,1
67,121,51566,43,7,21,9,1
67,121,51566,44,6,22,10,1
67,121,51566,45,10,23,11,1
67,121,51566,46,10,24,12,1
67,121,51566,47,10,25,13,1
67,121,51566,48,15,26,14,1.0081300152
67,121,51566,49,12,27,15,1.0312167859
67,121,51566,50,8,28,16,1.0602649415
67,121,51566,51,8,29,17,1.6942312574
68,105,31752,35,4,13,1,1
68,105,31752,36,3,14,2,1
68,105,31752,37,0,15,3,1
68,105,31752,38,3,16,4,1
68,105,31752,39,2,17,5,1
68,105,31752,40,3,18,6,1
68,105,31752,41,2,19,7,1
68,105,31752,42,5,20,8,1
68,105,31752,43,3,21,9,1
68,105,31752,44,4,22,10,1
68,105,31752,45,2,23,11,1
68,105,31752,46,5,24,12,1
68,105,31752,47,6,25,13,1.0277770062
68,105,31752,48,2,26,14,1.0528441267
68,105,31752,49,4,27,15,1.0528441267
68,105,31752,50,2,28,16,1.1724827856
68,105,31752,51,3,29,17,2.164545448
69,116,18491,35,4,13,1,1
69,116,18491,36,3,14,2,1
69,116,18491,37,3,15,3,1
69,116,18491,38,4,16,4,1
69,116,18491,39,3,17,5,1
69,116,18491,40,3,18,6,1
69,116,18491,41,5,19,7,1
69,116,18491,42,7,20,8,1
69,116,18491,43,8,21,9,1
69,116,18491,44,6,22,10,1
69,116,18491,45,4,23,11,1
69,116,18491,46,14,24,12,1.0172410821
69,116,18491,47,7,25,13,1.0172410821
69,116,18491,48,2,26,14,1.030625657
69,116,18491,49,4,27,15,1.082808574
69,116,18491,50,8,28,16,1.1244545237
69,116,18491,51,8,29,17,1.7397104847
70,119,47123,35,5,13,1,1
70,119,47123,36,4,14,2,1
70,119,47123,37,4,15,3,1
70,119,47123,38,6,16,4,1
70,119,47123,39,4,17,5,1
70,119,47123,40,4,18,6,1
70,119,47123,41,5,19,7,1
70,119,47123,42,4,20,8,1
70,119,47123,43,6,21,9,1
70,119,47123,44,6,22,10,1
70,119,47123,45,2,23,11,1
70,119,47123,46,8,24,12,1
70,119,47123,47,3,25,13,1.0151512856
70,119,47123,48,5,26,14,1.0731591018
70,119,47123,49,6,27,15,1.1191509777
70,119,47123,50,7,28,16,1.1651428536
70,119,47123,51,4,29,17,1.4846123543
71,118,23830,35,4,13,1,1
71,118,23830,36,0,14,2,1
71,118,23830,37,1,15,3,1
71,118,23830,38,2,16,4,1
71,118,23830,39,0,17,5,1
71,118,23830,40,1,18,6,1
71,118,23830,41,1,19,7,1
71,118,23830,42,3,20,8,1
71,118,23830,43,0,21,9,1
71,118,23830,44,1,22,10,1
71,118,23830,45,1,23,11,1
71,118,23830,46,3,24,12,1
71,118,23830,47,0,25,13,1
71,118,23830,48,0,26,14,1
71,118,23830,49,0,27,15,1
71,118,23830,50,0,28,16,1.0357130102
71,118,23830,51,0,29,17,1.318167356
72,116,42484,35,3,13,1,1
72,116,42484,36,6,14,2,1
72,116,42484,37,7,15,3,1
72,116,42484,38,7,16,4,1
72,116,42484,39,1,17,5,1
72,116,42484,40,8,18,6,1
72,116,42484,41,1,19,7,1
72,116,42484,42,5,20,8,1
72,116,42484,43,4,21,9,1
72,116,42484,44,5,22,10,1
72,116,42484,45,2,23,11,1
72,116,42484,46,11,24,12,1
72,116,42484,47,5,25,13,1
72,116,42484,48,5,26,14,1
72,116,42484,49,4,27,15,1.045976483
72,116,42484,50,4,28,16,1.1311131138
72,116,42484,51,7,29,17,1.9420845733
73,104,13581,35,2,13,1,1
73,104,13581,36,5,14,2,1
73,104,13581,37,6,15,3,1
73,104,13581,38,4,16,4,1
73,104,13581,39,3,17,5,1
73,104,13581,40,2,18,6,1
73,104,13581,41,4,19,7,1
73,104,13581,42,2,20,8,1
73,104,13581,43,1,21,9,1
73,104,13581,44,1,22,10,1
73,104,13581,45,6,23,11,1
73,104,13581,46,4,24,12,1
73,104,13581,47,5,25,13,1
73,104,13581,48,0,26,14,1
73,104,13581,49,1,27,15,1
73,104,13581,50,4,28,16,1.0701742075
73,104,13581,51,2,29,17,1.6189674217
74,104,24479,35,6,13,1,1
74,104,24479,36,6,14,2,1
74,104,24479,37,5,15,3,1
74,104,24479,38,1,16,4,1
74,104,24479,39,4,17,5,1
74,104,24479,40,0,18,6,1
74,104,24479,41,0,19,7,1
74,104,24479,42,0,20,8,1
74,104,24479,43,0,21,9,1
74,104,24479,44,0,22,10,1
74,104,24479,45,0,23,11,1
74,104,24479,46,0,24,12,1
74,104,24479,47,0,25,13,1
74,104,24479,48,3,26,14,1
74,104,24479,49,2,27,15,1.0357130102
74,104,24479,50,2,28,16,1.2842741903
74,104,24479,51,1,29,17,3.1521395702
75,118,14103,35,0,13,1,1
75,118,14103,36,0,14,2,1
75,118,14103,37,1,15,3,1
75,118,14103,38,2,16,4,1
75,118,14103,39,0,17,5,1
75,118,14103,40,0,18,6,1
75,118,14103,41,1,19,7,1
75,118,14103,42,0,20,8,1
75,118,14103,43,1,21,9,1
75,118,14103,44,1,22,10,1
75,118,14103,45,0,23,11,1
75,118,14103,46,0,24,12,1
75,118,14103,47,0,25,13,1
75,118,14103,48,0,26,14,1
75,118,14103,49,0,27,15,1
75,118,14103,50,0,28,16,1.0833263895
75,118,14103,51,0,29,17,1.4443950672
76,113,50113,35,9,13,1,1
76,113,50113,36,22,14,2,1
76,113,50113,37,12,15,3,1
76,113,50113,38,15,16,4,1
76,113,50113,39,12,17,5,1
76,113,50113,40,14,18,6,1
76,113,50113,41,13,19,7,1
76,113,50113,42,16,20,8,1
76,113,50113,43,7,21,9,1
76,113,50113,44,4,22,10,1
76,113,50113,45,9,23,11,1
76,113,50113,46,11,24,12,1.011904691
76,113,50113,47,12,25,13,1.011904691
76,113,50113,48,9,26,14,1.0278820494
76,113,50113,49,12,27,15,1.0765709429
76,113,50113,50,15,28,16,1.1096960328
76,113,50113,51,6,29,17,1.3956282257
77,102,83674,35,14,13,1,1
77,102,83674,36,2,14,2,1
77,102,83674,37,7,15,3,1
77,102,83674,38,5,16,4,1
77,102,83674,39,2,17,5,1
77,102,83674,40,8,18,6,1
77,102,83674,41,4,19,7,1
77,102,83674,42,0,20,8,1
77,102,83674,43,0,21,9,1
77,102,83674,44,0,22,10,1
77,102,83674,45,2,23,11,1
77,102,83674,46,2,24,12,1
77,102,83674,47,1,25,13,1
77,102,83674,48,1,26,14,1
77,102,83674,49,1,27,15,1
77,102,83674,50,3,28,16,1.0169488653
77,102,83674,51,3,29,17,1.2452388495
78,114,22668,35,1,13,1,1
78,114,22668,36,2,14,2,1
78,114,22668,37,0,15,3,1
78,114,22668,38,0,16,4,1
78,114,22668,39,1,17,5,1
78,114,22668,40,1,18,6,1
78,114,22668,41,0,19,7,1
78,114,22668,42,1,20,8,1
78,114,22668,43,0,21,9,1
78,114,22668,44,1,22,10,1
78,114,22668,45,0,23,11,1
78,114,22668,46,2,24,12,1
78,114,22668,47,3,25,13,1
78,114,22668,48,0,26,14,1
78,114,22668,49,0,27,15,1
78,114,22668,50,3,28,16,1
78,114,22668,51,3,29,17,1.3636033088
79,118,15744,35,2,13,1,1
79,118,15744,36,2,14,2,1
79,118,15744,37,1,15,3,1
79,118,15744,38,3,16,4,1
79,118,15744,39,0,17,5,1
79,118,15744,40,3,18,6,1
79,118,15744,41,3,19,7,1
79,118,15744,42,9,20,8,1
79,118,15744,43,0,21,9,1
79,118,15744,44,3,22,10,1
79,118,15744,45,2,23,11,1
79,118,15744,46,0,24,12,1
79,118,15744,47,0,25,13,1
79,118,15744,48,2,26,14,1
79,118,15744,49,2,27,15,1
79,118,15744,50,0,28,16,1.2058762978
79,118,15744,51,0,29,17,3.9462551219
80,118,21702,35,1,13,1,1
80,118,21702,36,3,14,2,1
80,118,21702,37,6,15,3,1
80,118,21702,38,2,16,4,1
80,118,21702,39,0,17,5,1
80,118,21702,40,1,18,6,1
80,118,21702,41,1,19,7,1
80,118,21702,42,1,20,8,1
80,118,21702,43,1,21,9,1
80,118,21702,44,3,22,10,1
80,118,21702,45,2,23,11,1
80,118,21702,46,1,24,12,1
80,118,21702,47,4,25,13,1
80,118,21702,48,0,26,14,1
80,118,21702,49,2,27,15,1
80,118,21702,50,1,28,16,1
80,118,21702,51,1,29,17,1.1851783267
81,121,59234,35,19,13,1,1
81,121,59234,36,13,14,2,1
81,121,59234,37,6,15,3,1
81,121,59234,38,8,16,4,1
81,121,59234,39,9,17,5,1
81,121,59234,40,10,18,6,1
81,121,59234,41,5,19,7,1
81,121,59234,42,13,20,8,1
81,121,59234,43,8,21,9,1
81,121,59234,44,13,22,10,1
81,121,59234,45,9,23,11,1
81,121,59234,46,14,24,12,1.0068026748
81,121,59234,47,6,25,13,1.0133830414
81,121,59234,48,14,26,14,1.0133830414
81,121,59234,49,6,27,15,1.0133830414
81,121,59234,50,9,28,16,1.0241636548
81,121,59234,51,7,29,17,1.2177543847
82,108,43675,35,2,13,1,1
82,108,43675,36,4,14,2,1
82,108,43675,37,9,15,3,1
82,108,43675,38,4,16,4,1
82,108,43675,39,3,17,5,1
82,108,43675,40,8,18,6,1
82,108,43675,41,6,19,7,1
82,108,43675,42,2,20,8,1
82,108,43675,43,3,21,9,1
82,108,43675,44,10,22,10,1
82,108,43675,45,7,23,11,1
82,108,43675,46,2,24,12,1
82,108,43675,47,3,25,13,1
82,108,43675,48,2,26,14,1
82,108,43675,49,3,27,15,1
82,108,43675,50,2,28,16,1.0379742029
82,108,43675,51,1,29,17,1.1987848426
83,108,27389,35,5,13,1,1
83,108,27389,36,8,14,2,1
83,108,27389,37,2,15,3,1
83,108,27389,38,5,16,4,1
83,108,27389,39,2,17,5,1
83,108,27389,40,5,18,6,1
83,108,27389,41,1,19,7,1
83,108,27389,42,2,20,8,1
83,108,27389,43,2,21,9,1
83,108,27389,44,6,22,10,1
83,108,27389,45,3,23,11,1.024999375
83,108,27389,46,1,24,12,1.0472814857
83,108,27389,47,2,25,13,1.0472814857
83,108,27389,48,1,26,14,1.0472814857
83,108,27389,49,3,27,15,1.0472814857
83,108,27389,50,4,28,16,1.1101171182
83,108,27389,51,1,29,17,2.5580330151
84,117,63773,35,20,13,1,1
84,117,63773,36,12,14,2,1
84,117,63773,37,17,15,3,1
84,117,63773,38,15,16,4,1
84,117,63773,39,11,17,5,1
84,117,63773,40,7,18,6,1
84,117,63773,41,14,19,7,1.0176989584
84,117,63773,42,24,20,8,1.0176989584
84,117,63773,43,18,21,9,1.025181984
84,117,63773,44,20,22,10,1.0313951705
84,117,63773,45,14,23,11,1.0371251118
84,117,63773,46,23,24,12,1.0473430429
84,117,63773,47,26,25,13,1.0571312499
84,117,63773,48,35,26,14,1.0751248967
84,117,63773,49,18,27,15,1.1046380134
84,117,63773,50,23,28,16,1.2556621519
84,117,63773,51,22,29,17,6.8055778648
85,116,54218,35,12,13,1,1
85,116,54218,36,16,14,2,1
85,116,54218,37,12,15,3,1
85,116,54218,38,7,16,4,1
85,116,54218,39,9,17,5,1
85,116,54218,40,9,18,6,1
85,116,54218,41,4,19,7,1
85,116,54218,42,3,20,8,1
85,116,54218,43,2,21,9,1
85,116,54218,44,3,22,10,1
85,116,54218,45,3,23,11,1
85,116,54218,46,8,24,12,1.0102039775
85,116,54218,47,3,25,13,1.0102039775
85,116,54218,48,7,26,14,1.0102039775
85,116,54218,49,11,27,15,1.0192235753
85,116,54218,50,3,28,16,1.054068528
85,116,54218,51,9,29,17,2.0919046503
86,113,28067,35,2,13,1,1
86,113,28067,36,2,14,2,1
86,113,28067,37,6,15,3,1
86,113,28067,38,3,16,4,1
86,113,28067,39,5,17,5,1
86,113,28067,40,1,18,6,1
86,113,28067,41,6,19,7,1
86,113,28067,42,5,20,8,1
86,113,28067,43,3,21,9,1
86,113,28067,44,2,22,10,1
86,113,28067,45,1,23,11,1
86,113,28067,46,3,24,12,1
86,113,28067,47,5,25,13,1
86,113,28067,48,6,26,14,1
86,113,28067,49,3,27,15,1
86,113,28067,50,6,28,16,1
86,113,28067,51,3,29,17,1.1607114159
87,101,26288,35,7,13,1,1
87,101,26288,36,10,14,2,1
87,101,26288,37,3,15,3,1
87,101,26288,38,1,16,4,1
87,101,26288,39,5,17,5,1
87,101,26288,40,4,18,6,1
87,101,26288,41,8,19,7,1
87,101,26288,42,2,20,8,1
87,101,26288,43,0,21,9,1
87,101,26288,44,0,22,10,1
87,101,26288,45,0,23,11,1
87,101,26288,46,0,24,12,1
87,101,26288,47,0,25,13,1
87,101,26288,48,0,26,14,1
87,101,26288,49,0,27,15,1
87,101,26288,50,0,28,16,1
87,101,26288,51,0,29,17,1.2307633138
88,103,79836,35,13,13,1,1
88,103,79836,36,9,14,2,1
88,103,79836,37,8,15,3,1
88,103,79836,38,7,16,4,1
88,103,79836,39,11,17,5,1
88,103,79836,40,6,18,6,1
88,103,79836,41,1,19,7,1
88,103,79836,42,8,20,8,1
88,103,79836,43,6,21,9,1
88,103,79836,44,8,22,10,1
88,103,79836,45,9,23,11,1.0120480476
88,103,79836,46,7,24,12,1.0120480476
88,103,79836,47,7,25,13,1.0120480476
88,103,79836,48,4,26,14,1.0120480476
88,103,79836,49,5,27,15,1.0205525816
88,103,79836,50,5,28,16,1.108530494
88,103,79836,51,6,29,17,2.0806115105
89,109,55071,35,7,13,1,1
89,109,55071,36,9,14,2,1
89,109,55071,37,11,15,3,1
89,109,55071,38,13,16,4,1
89,109,55071,39,10,17,5,1
89,109,55071,40,10,18,6,1
89,109,55071,41,13,19,7,1
89,109,55071,42,11,20,8,1.0111109877
89,109,55071,43,7,21,9,1.0209275039
89,109,55071,44,8,22,10,1.0297285272
89,109,55071,45,10,23,11,1.0297285272
89,109,55071,46,9,24,12,1.0616578464
89,109,55071,47,9,25,13,1.0692410626
89,109,55071,48,7,26,14,1.0836901685
89,109,55071,49,11,27,15,1.1487111451
89,109,55071,50,11,28,16,1.3151898149
89,109,55071,51,4,29,17,1.7261829624
90,107,110172,35,11,13,1,1
90,107,110172,36,15,14,2,1
90,107,110172,37,6,15,3,1
90,107,110172,38,10,16,4,1
90,107,110172,39,13,17,5,1
90,107,110172,40,11,18,6,1
90,107,110172,41,12,19,7,1
90,107,110172,42,17,20,8,1
90,107,110172,43,10,21,9,1
90,107,110172,44,11,22,10,1
90,107,110172,45,7,23,11,1.0138887924
90,107,110172,46,11,24,12,1.0138887924
90,107,110172,47,10,25,13,1.0138887924
90,107,110172,48,10,26,14,1.0249694837
90,107,110172,49,11,27,15,1.0355908741
90,107,110172,50,9,28,16,1.0833871309
90,107,110172,51,5,29,17,1.6018615544
91,111,45112,35,0,13,1,1
91,111,45112,36,0,14,2,1
91,111,45112,37,1,15,3,1
91,111,45112,38,1,16,4,1
91,111,45112,39,0,17,5,1
91,111,45112,40,4,18,6,1
91,111,45112,41,0,19,7,1
91,111,45112,42,0,20,8,1
91,111,45112,43,0,21,9,1
91,111,45112,44,0,22,10,1
91,111,45112,45,0,23,11,1
91,111,45112,46,0,24,12,1
91,111,45112,47,0,25,13,1
91,111,45112,48,0,26,14,1
91,111,45112,49,0,27,15,1.1110987668
91,111,45112,50,0,28,16,1.1110987668
91,111,45112,51,0,29,17,1.2499687539
92,104,25332,35,3,13,1,1
92,104,25332,36,1,14,2,1
92,104,25332,37,2,15,3,1
92,104,25332,38,1,16,4,1
92,104,25332,39,1,17,5,1
92,104,25332,40,2,18,6,1
92,104,25332,41,1,19,7,1
92,104,25332,42,1,20,8,1
92,104,25332,43,4,21,9,1
92,104,25332,44,0,22,10,1
92,104,25332,45,1,23,11,1
92,104,25332,46,4,24,12,1
92,104,25332,47,3,25,13,1
92,104,25332,48,3,26,14,1
92,104,25332,49,0,27,15,1
92,104,25332,50,0,28,16,1
92,104,25332,51,2,29,17,1.3999840006
93,113,44005,35,27,13,1,1
93,113,44005,36,17,14,2,1
93,113,44005,37,22,15,3,1
93,113,44005,38,32,16,4,1
93,113,44005,39,29,17,5,1
93,113,44005,40,29,18,6,1
93,113,44005,41,23,19,7,1
93,113,44005,42,20,20,8,1
93,113,44005,43,24,21,9,1
93,113,44005,44,21,22,10,1
93,113,44005,45,24,23,11,1
93,113,44005,46,21,24,12,1
93,113,44005,47,31,25,13,1
93,113,44005,48,13,26,14,1
93,113,44005,49,22,27,15,1.0023148095
93,113,44005,50,17,28,16,1.0228633578
93,113,44005,51,20,29,17,1.1469969592
94,101,27018,35,8,13,1,1
94,101,27018,36,4,14,2,1.062496094
94,101,27018,37,11,15,3,1.096769056
94,101,27018,38,6,16,4,1.1264106618
94,101,27018,39,11,17,5,1.1484967123
94,101,27018,40,12,18,6,1.1484967123
94,101,27018,41,3,19,7,1.1484967123
94,101,27018,42,3,20,8,1.1761709984
94,101,27018,43,5,21,9,1.1761709984
94,101,27018,44,6,22,10,1.1885516154
94,101,27018,45,7,23,11,1.2128075233
94,101,27018,46,1,24,12,1.2128075233
94,101,27018,47,3,25,13,1.2128075233
94,101,27018,48,4,26,14,1.2342729533
94,101,27018,49,8,27,15,1.2450056682
94,101,27018,50,4,28,16,1.3339338505
94,101,27018,51,7,29,17,2.1090471
95,111,13083,35,0,13,1,1
95,111,13083,36,1,14,2,1
95,111,13083,37,0,15,3,1
95,111,13083,38,0,16,4,1
95,111,13083,39,0,17,5,1
95,111,13083,40,0,18,6,1
95,111,13083,41,0,19,7,1
95,111,13083,42,0,20,8,1
95,111,13083,43,0,21,9,1
95,111,13083,44,0,22,10,1
95,111,13083,45,0,23,11,1
95,111,13083,46,0,24,12,1
95,111,13083,47,0,25,13,1
95,111,13083,48,0,26,14,1
95,111,13083,49,0,27,15,1
95,111,13083,50,1,28,16,1
95,111,13083,51,0,29,17,2.9990004998
96,110,39886,35,2,13,1,1
96,110,39886,36,6,14,2,1
96,110,39886,37,7,15,3,1
96,110,39886,38,7,16,4,1
96,110,39886,39,10,17,5,1
96,110,39886,40,7,18,6,1
96,110,39886,41,8,19,7,1
96,110,39886,42,8,20,8,1
96,110,39886,43,9,21,9,1
96,110,39886,44,9,22,10,1
96,110,39886,45,9,23,11,1.0116277718
96,110,39886,46,14,24,12,1.0116277718
96,110,39886,47,5,25,13,1.0817398935
96,110,39886,48,9,26,14,1.1847617593
96,110,39886,49,7,27,15,1.325524139
96,110,39886,50,6,28,16,1.4861921087
96,110,39886,51,6,29,17,1.9691985064
97,111,31449,35,5,13,1,1
97,111,31449,36,3,14,2,1
97,111,31449,37,2,15,3,1
97,111,31449,38,7,16,4,1
97,111,31449,39,7,17,5,1
97,111,31449,40,4,18,6,1
97,111,31449,41,3,19,7,1
97,111,31449,42,6,20,8,1
97,111,31449,43,5,21,9,1
97,111,31449,44,5,22,10,1.0204077468
97,111,31449,45,4,23,11,1.0204077468
97,111,31449,46,10,24,12,1.0204077468
97,111,31449,47,10,25,13,1.0204077468
97,111,31449,48,6,26,14,1.0338339878
97,111,31449,49,0,27,15,1.0338339878
97,111,31449,50,5,28,16,1.1151458598
97,111,31449,51,4,29,17,1.6187519964
98,115,41373,35,4,13,1,1
98,115,41373,36,1,14,2,1
98,115,41373,37,3,15,3,1
98,115,41373,38,2,16,4,1
98,115,41373,39,0,17,5,1
98,115,41373,40,2,18,6,1
98,115,41373,41,2,19,7,1
98,115,41373,42,2,20,8,1
98,115,41373,43,3,21,9,1
98,115,41373,44,4,22,10,1
98,115,41373,45,3,23,11,1
98,115,41373,46,4,24,12,1
98,115,41373,47,1,25,13,1
98,115,41373,48,2,26,14,1
98,115,41373,49,9,27,15,1
98,115,41373,50,1,28,16,1.074998125
98,115,41373,51,4,29,17,1.5176313932
99,114,62537,35,12,13,1,1
99,114,62537,36,7,14,2,1
99,114,62537,37,7,15,3,1
99,114,62537,38,8,16,4,1
99,114,62537,39,6,17,5,1
99,114,62537,40,8,18,6,1
99,114,62537,41,6,19,7,1
99,114,62537,42,5,20,8,1
99,114,62537,43,6,21,9,1
99,114,62537,44,10,22,10,1
99,114,62537,45,8,23,11,1
99,114,62537,46,9,24,12,1
99,114,62537,47,9,25,13,1
99,114,62537,48,6,26,14,1
99,114,62537,49,7,27,15,1.0078739537
99,114,62537,50,5,28,16,1.0232612249
99,114,62537,51,4,29,17,1.6612871883
100,106,49842,35,14,13,1,1
100,106,49842,36,10,14,2,1
100,106,49842,37,14,15,3,1
100,106,49842,38,10,16,4,1
100,106,49842,39,15,17,5,1
100,106,49842,40,10,18,6,1
100,106,49842,41,8,19,7,1.0102039775
100,106,49842,42,20,20,8,1.0102039775
100,106,49842,43,13,21,9,1.0102039775
100,106,49842,44,19,22,10,1.0172682916
100,106,49842,45,11,23,11,1.0237476662
100,106,49842,46,10,24,12,1.0237476662
100,106,49842,47,11,25,13,1.0346967805
100,106,49842,48,11,26,14,1.055921221
100,106,49842,49,2,27,15,1.0768304486
100,106,49842,50,4,28,16,1.1638466111
100,106,49842,51,4,29,17,1.9174788131
101,117,11207,35,1,13,1,1
101,117,11207,36,0,14,2,1
101,117,11207,37,0,15,3,1
101,117,11207,38,3,16,4,1
101,117,11207,39,2,17,5,1
101,117,11207,40,1,18,6,1
101,117,11207,41,1,19,7,1
101,117,11207,42,4,20,8,1
101,117,11207,43,3,21,9,1
101,117,11207,44,3,22,10,1
101,117,11207,45,3,23,11,1
101,117,11207,46,1,24,12,1
101,117,11207,47,2,25,13,1
101,117,11207,48,1,26,14,1.0769201185
101,117,11207,49,1,27,15,1.2061453637
101,117,11207,50,2,28,16,1.3066532895
101,117,11207,51,2,29,17,1.5555277792
102,121,28647,35,5,13,1,1
102,121,28647,36,5,14,2,1
102,121,28647,37,7,15,3,1
102,121,28647,38,4,16,4,1
102,121,28647,39,0,17,5,1
102,121,28647,40,5,18,6,1
102,121,28647,41,4,19,7,1
102,121,28647,42,2,20,8,1
102,121,28647,43,2,21,9,1
102,121,28647,44,4,22,10,1
102,121,28647,45,3,23,11,1.0217386579
102,121,28647,46,2,24,12,1.0217386579
102,121,28647,47,4,25,13,1.0217386579
102,121,28647,48,3,26,14,1.0217386579
102,121,28647,49,4,27,15,1.0217386579
102,121,28647,50,5,28,16,1.0552377368
102,121,28647,51,1,29,17,1.2897306692
103,116,55361,35,4,13,1,1
103,116,55361,36,11,14,2,1
103,116,55361,37,6,15,3,1
103,116,55361,38,8,16,4,1
103,116,55361,39,10,17,5,1
103,116,55361,40,12,18,6,1
103,116,55361,41,10,19,7,1
103,116,55361,42,14,20,8,1
103,116,55361,43,12,21,9,1
103,116,55361,44,6,22,10,1.0108694471
103,116,55361,45,6,23,11,1.0108694471
103,116,55361,46,13,24,12,1.0108694471
103,116,55361,47,15,25,13,1.0108694471
103,116,55361,48,17,26,14,1.0108694471
103,116,55361,49,10,27,15,1.0108694471
103,116,55361,50,10,28,16,1.0289205798
103,116,55361,51,9,29,17,1.2989191007
104,116,20710,35,7,13,1,1
104,116,20710,36,6,14,2,1
104,116,20710,37,4,15,3,1
104,116,20710,38,5,16,4,1
104,116,20710,39,3,17,5,1
104,116,20710,40,4,18,6,1
104,116,20710,41,3,19,7,1
104,116,20710,42,5,20,8,1
104,116,20710,43,4,21,9,1
104,116,20710,44,1,22,10,1.0232552731
104,116,20710,45,4,23,11,1.0232552731
104,116,20710,46,2,24,12,1.0437199693
104,116,20710,47,6,25,13,1.0437199693
104,116,20710,48,2,26,14,1.0437199693
104,116,20710,49,2,27,15,1.0967895767
104,116,20710,50,2,28,16,1.712046772
104,116,20710,51,2,29,17,1000
105,119,29023,35,10,13,1,1
105,119,29023,36,24,14,2,1
105,119,29023,37,15,15,3,1
105,119,29023,38,10,16,4,1
105,119,29023,39,14,17,5,1
105,119,29023,40,12,18,6,1
105,119,29023,41,10,19,7,1.009345707
105,119,29023,42,15,20,8,1.009345707
105,119,29023,43,10,21,9,1.009345707
105,119,29023,44,11,22,10,1.009345707
105,119,29023,45,11,23,11,1.009345707
105,119,29023,46,11,24,12,1.015248279
105,119,29023,47,10,25,13,1.015248279
105,119,29023,48,8,26,14,1.015248279
105,119,29023,49,6,27,15,1.015248279
105,119,29023,50,8,28,16,1.0402542711
105,119,29023,51,8,29,17,1.2126382795
106,111,67102,35,3,13,1,1
106,111,67102,36,5,14,2,1
106,111,67102,37,1,15,3,1
106,111,67102,38,2,16,4,1
106,111,67102,39,4,17,5,1
106,111,67102,40,2,18,6,1
106,111,67102,41,1,19,7,1
106,111,67102,42,4,20,8,1
106,111,67102,43,4,21,9,1
106,111,67102,44,3,22,10,1.0357130102
106,111,67102,45,2,23,11,1.0357130102
106,111,67102,46,5,24,12,1.0357130102
106,111,67102,47,3,25,13,1.0932510237
106,111,67102,48,0,26,14,1.2450872259
106,111,67102,49,6,27,15,1.3488416127
106,111,67102,50,3,28,16,1.6186009433
106,111,67102,51,6,29,17,2.9815615817
107,108,32059,35,1,13,1,1
107,108,32059,36,2,14,2,1
107,108,32059,37,2,15,3,1
107,108,32059,38,6,16,4,1
107,108,32059,39,3,17,5,1
107,108,32059,40,6,18,6,1
107,108,32059,41,1,19,7,1
107,108,32059,42,1,20,8,1
107,108,32059,43,3,21,9,1
107,108,32059,44,0,22,10,1
107,108,32059,45,3,23,11,1
107,108,32059,46,2,24,12,1
107,108,32059,47,3,25,13,1.032257024
107,108,32059,48,6,26,14,1.0645140479
107,108,32059,49,1,27,15,1.2018662686
107,108,32059,50,0,28,16,1.3839617003
107,108,32059,51,0,29,17,2.6864372726
108,116,26045,35,3,13,1,1
108,116,26045,36,1,14,2,1
108,116,26045,37,1,15,3,1
108,116,26045,38,4,16,4,1
108,116,26045,39,2,17,5,1
108,116,26045,40,0,18,6,1
108,116,26045,41,4,19,7,1
108,116,26045,42,1,20,8,1
108,116,26045,43,0,21,9,1
108,116,26045,44,4,22,10,1
108,116,26045,45,2,23,11,1
108,116,26045,46,1,24,12,1
108,116,26045,47,1,25,13,1
108,116,26045,48,0,26,14,1.0833298613
108,116,26045,49,1,27,15,1.1284667248
108,116,26045,50,5,28,16,1.2896685806
108,116,26045,51,1,29,17,9.0251015866
109,104,71279,35,16,13,1,1
109,104,71279,36,17,14,2,1
109,104,71279,37,14,15,3,1.0208328993
109,104,71279,38,15,16,4,1.0360689838
109,104,71279,39,19,17,5,1.0722105049
109,104,71279,40,12,18,6,1.0831513168
109,104,71279,41,12,19,7,1.1010544964
109,104,71279,42,10,20,8,1.1010544964
109,104,71279,43,9,21,9,1.1083948107
109,104,71279,44,11,22,10,1.1083948107
109,104,71279,45,13,23,11,1.1149533211
109,104,71279,46,14,24,12,1.1335357732
109,104,71279,47,16,25,13,1.1394395746
109,104,71279,48,13,26,14,1.1562785002
109,104,71279,49,9,27,15,1.1779925485
109,104,71279,50,13,28,16,1.2742703227
109,104,71279,51,10,29,17,2.3149157475
110,120,94910,35,5,13,1,1
110,120,94910,36,5,14,2,1
110,120,94910,37,2,15,3,1
110,120,94910,38,1,16,4,1
110,120,94910,39,4,17,5,1
110,120,94910,40,3,18,6,1
110,120,94910,41,4,19,7,1
110,120,94910,42,7,20,8,1
110,120,94910,43,3,21,9,1
110,120,94910,44,1,22,10,1
110,120,94910,45,4,23,11,1
110,120,94910,46,2,24,12,1
110,120,94910,47,4,25,13,1
110,120,94910,48,3,26,14,1
110,120,94910,49,4,27,15,1
110,120,94910,50,1,28,16,1
110,120,94910,51,2,29,17,1.1052613112
111,112,96117,35,0,13,1,1
111,112,96117,36,3,14,2,1
111,112,96117,37,7,15,3,1
111,112,96117,38,7,16,4,1
111,112,96117,39,3,17,5,1
111,112,96117,40,9,18,6,1
111,112,96117,41,11,19,7,1
111,112,96117,42,8,20,8,1
111,112,96117,43,6,21,9,1
111,112,96117,44,4,22,10,1
111,112,96117,45,9,23,11,1
111,112,96117,46,9,24,12,1.027396885
111,112,96117,47,6,25,13,1.027396885
111,112,96117,48,7,26,14,1.0388122791
111,112,96117,49,8,27,15,1.0606817811
111,112,96117,50,12,28,16,1.4463792379
111,112,96117,51,5,29,17,3.751474114
112,118,40396,35,3,13,1,1
112,118,40396,36,6,14,2,1
112,118,40396,37,6,15,3,1
112,118,40396,38,12,16,4,1
112,118,40396,39,2,17,5,1
112,118,40396,40,6,18,6,1
112,118,40396,41,4,19,7,1
112,118,40396,42,5,20,8,1
112,118,40396,43,6,21,9,1
112,118,40396,44,9,22,10,1
112,118,40396,45,6,23,11,1
112,118,40396,46,5,24,12,1.0151512856
112,118,40396,47,4,25,13,1.0151512856
112,118,40396,48,3,26,14,1.0422216256
112,118,40396,49,2,27,15,1.0692919656
112,118,40396,50,1,28,16,1.0967093568
112,118,40396,51,1,29,17,2.2777506887
113,106,25540,35,2,13,1,1
113,106,25540,36,2,14,2,1
113,106,25540,37,0,15,3,1
113,106,25540,38,3,16,4,1
113,106,25540,39,3,17,5,1
113,106,25540,40,10,18,6,1
113,106,25540,41,3,19,7,1
113,106,25540,42,16,20,8,1
113,106,25540,43,9,21,9,1
113,106,25540,44,15,22,10,1
113,106,25540,45,9,23,11,1.0208328993
113,106,25540,46,12,24,12,1.0208328993
113,106,25540,47,17,25,13,1.0335931511
113,106,25540,48,22,26,14,1.0560623231
113,106,25540,49,26,27,15,1.0658405875
113,106,25540,50,11,28,16,1.0912175429
113,106,25540,51,7,29,17,1.6586449909
114,105,38438,35,7,13,1,1
114,105,38438,36,4,14,2,1
114,105,38438,37,3,15,3,1
114,105,38438,38,7,16,4,1
114,105,38438,39,5,17,5,1
114,105,38438,40,9,18,6,1.0370356653
114,105,38438,41,9,19,7,1.0370356653
114,105,38438,42,5,20,8,1.0370356653
114,105,38438,43,4,21,9,1.0370356653
114,105,38438,44,5,22,10,1.0370356653
114,105,38438,45,5,23,11,1.0532390944
114,105,38438,46,8,24,12,1.0532390944
114,105,38438,47,3,25,13,1.0820945648
114,105,38438,48,1,26,14,1.0820945648
114,105,38438,49,0,27,15,1.1084867933
114,105,38438,50,0,28,16,1.4839359418
114,105,38438,51,0,29,17,3.6800732902
115,104,63325,35,14,13,1,1
115,104,63325,36,8,14,2,1
115,104,63325,37,4,15,3,1
115,104,63325,38,10,16,4,1.026315097
115,104,63325,39,5,17,5,1.04963991
115,104,63325,40,10,18,6,1.04963991
115,104,63325,41,10,19,7,1.04963991
115,104,63325,42,7,20,8,1.04963991
115,104,63325,43,12,21,9,1.04963991
115,104,63325,44,11,22,10,1.04963991
115,104,63325,45,11,23,11,1.04963991
115,104,63325,46,12,24,12,1.04963991
115,104,63325,47,14,25,13,1.04963991
115,104,63325,48,10,26,14,1.04963991
115,104,63325,49,18,27,15,1.0565453903
115,104,63325,50,7,28,16,1.0565453903
115,104,63325,51,11,29,17,1.5979112814
116,111,42421,35,5,13,1,1
116,111,42421,36,7,14,2,1
116,111,42421,37,9,15,3,1
116,111,42421,38,4,16,4,1
116,111,42421,39,2,17,5,1
116,111,42421,40,8,18,6,1
116,111,42421,41,0,19,7,1
116,111,42421,42,2,20,8,1
116,111,42421,43,7,21,9,1
116,111,42421,44,1,22,10,1
116,111,42421,45,2,23,11,1.0172410821
116,111,42421,46,5,24,12,1.0529331254
116,111,42421,47,4,25,13,1.0710868318
116,111,42421,48,5,26,14,1.2240965041
116,111,42421,49,7,27,15,1.997189741
116,111,42421,50,13,28,16,87.790555239
116,111,42421,51,17,29,17,701.71052195
117,114,25370,35,1,13,1,1
117,114,25370,36,1,14,2,1
117,114,25370,37,0,15,3,1
117,114,25370,38,1,16,4,1
117,114,25370,39,0,17,5,1
117,114,25370,40,1,18,6,1
117,114,25370,41,1,19,7,1
117,114,25370,42,0,20,8,1
117,114,25370,43,0,21,9,1
117,114,25370,44,3,22,10,1
117,114,25370,45,1,23,11,1
117,114,25370,46,1,24,12,1
117,114,25370,47,0,25,13,1
117,114,25370,48,1,26,14,1.1428367376
117,114,25370,49,0,27,15,1.1428367376
117,114,25370,50,0,28,16,1.3060758088
117,114,25370,51,2,29,17,2.2853878374
118,103,50455,35,6,13,1,1
118,103,50455,36,5,14,2,1
118,103,50455,37,7,15,3,1
118,103,50455,38,6,16,4,1
118,103,50455,39,7,17,5,1
118,103,50455,40,10,18,6,1
118,103,50455,41,5,19,7,1
118,103,50455,42,0,20,8,1
118,103,50455,43,0,21,9,1
118,103,50455,44,5,22,10,1
118,103,50455,45,0,23,11,1
118,103,50455,46,1,24,12,1
118,103,50455,47,0,25,13,1
118,103,50455,48,2,26,14,1
118,103,50455,49,3,27,15,1.0140843087
118,103,50455,50,4,28,16,1.0720311556
118,103,50455,51,1,29,17,1.7785810866
119,119,36959,35,8,13,1,1
119,119,36959,36,7,14,2,1
119,119,36959,37,11,15,3,1
119,119,36959,38,5,16,4,1
119,119,36959,39,5,17,5,1
119,119,36959,40,7,18,6,1
119,119,36959,41,5,19,7,1
119,119,36959,42,2,20,8,1
119,119,36959,43,0,21,9,1
119,119,36959,44,4,22,10,1
119,119,36959,45,2,23,11,1.0172410821
119,119,36959,46,3,24,12,1.0172410821
119,119,36959,47,4,25,13,1.0172410821
119,119,36959,48,1,26,14,1.0319834928
119,119,36959,49,2,27,15,1.0319834928
119,119,36959,50,2,28,16,1.0461200593
119,119,36959,51,2,29,17,1.6563440475
120,115,34069,35,15,13,1,1
120,115,34069,36,12,14,2,1
120,115,34069,37,17,15,3,1
120,115,34069,38,7,16,4,1
120,115,34069,39,12,17,5,1
120,115,34069,40,10,18,6,1
120,115,34069,41,10,19,7,1
120,115,34069,42,8,20,8,1
120,115,34069,43,15,21,9,1
120,115,34069,44,10,22,10,1
120,115,34069,45,16,23,11,1
120,115,34069,46,20,24,12,1
120,115,34069,47,16,25,13,1
120,115,34069,48,13,26,14,1
120,115,34069,49,13,27,15,1
120,115,34069,50,8,28,16,1.02040808
120,115,34069,51,8,29,17,1.1585413217
121,102,62935,35,12,13,1,1
121,102,62935,36,6,14,2,1
121,102,62935,37,5,15,3,1
121,102,62935,38,7,16,4,1
121,102,62935,39,5,17,5,1
121,102,62935,40,9,18,6,1.0212761431
121,102,62935,41,10,19,7,1.0212761431
121,102,62935,42,9,20,8,1.0212761431
121,102,62935,43,8,21,9,1.0354603369
121,102,62935,44,8,22,10,1.0354603369
121,102,62935,45,17,23,11,1.0354603369
121,102,62935,46,15,24,12,1.0459194266
121,102,62935,47,13,25,13,1.0642687293
121,102,62935,48,14,26,14,1.1153532196
121,102,62935,49,11,27,15,1.1317553522
121,102,62935,50,7,28,16,1.2034858201
121,102,62935,51,9,29,17,2.9146654834
122,110,41273,35,4,13,1,1
122,110,41273,36,5,14,2,1.1110987668
122,110,41273,37,6,15,3,1.2698158251
122,110,41273,38,5,16,4,1.4429646582
122,110,41273,39,6,17,5,1.5872563142
122,110,41273,40,3,18,6,1.5872563142
122,110,41273,41,1,19,7,1.5872563142
122,110,41273,42,2,20,8,1.5872563142
122,110,41273,43,4,21,9,1.5872563142
122,110,41273,44,2,22,10,1.5872563142
122,110,41273,45,1,23,11,1.5872563142
122,110,41273,46,2,24,12,1.5872563142
122,110,41273,47,1,25,13,1.5872563142
122,110,41273,48,1,26,14,1.5872563142
122,110,41273,49,2,27,15,1.6279541506
122,110,41273,50,3,28,16,1.715949294
122,110,41273,51,2,29,17,2.2674847265
123,109,52547,35,23,13,1,1
123,109,52547,36,17,14,2,1
123,109,52547,37,16,15,3,1
123,109,52547,38,13,16,4,1
123,109,52547,39,16,17,5,1
123,109,52547,40,21,18,6,1
123,109,52547,41,15,19,7,1
123,109,52547,42,17,20,8,1
123,109,52547,43,15,21,9,1
123,109,52547,44,19,22,10,1
123,109,52547,45,17,23,11,1
123,109,52547,46,6,24,12,1.0046296082
123,109,52547,47,10,25,13,1.0046296082
123,109,52547,48,10,26,14,1.017187426
123,109,52547,49,9,27,15,1.0212399494
123,109,52547,50,17,28,16,1.0700639755
123,109,52547,51,19,29,17,1.7497858737
124,107,81372,35,27,13,1,1
124,107,81372,36,36,14,2,1
124,107,81372,37,30,15,3,1
124,107,81372,38,38,16,4,1
124,107,81372,39,28,17,5,1
124,107,81372,40,34,18,6,1.0050504795
124,107,81372,41,36,19,7,1.0050504795
124,107,81372,42,34,20,8,1.0050504795
124,107,81372,43,35,21,9,1.0083457162
124,107,81372,44,28,22,10,1.0172691033
124,107,81372,45,20,23,11,1.0172691033
124,107,81372,46,32,24,12,1.0247858516
124,107,81372,47,21,25,13,1.0296083619
124,107,81372,48,16,26,14,1.0386598441
124,107,81372,49,21,27,15,1.0653491191
124,107,81372,50,21,28,16,1.1040476155
124,107,81372,51,10,29,17,1.5578967699
125,121,89656,35,11,13,1,1
125,121,89656,36,10,14,2,1
125,121,89656,37,8,15,3,1
125,121,89656,38,10,16,4,1
125,121,89656,39,12,17,5,1
125,121,89656,40,12,18,6,1
125,121,89656,41,8,19,7,1.0135133309
125,121,89656,42,2,20,8,1.0135133309
125,121,89656,43,19,21,9,1.0135133309
125,121,89656,44,19,22,10,1.0341970654
125,121,89656,45,18,23,11,1.0518754966
125,121,89656,46,5,24,12,1.0675750137
125,121,89656,47,9,25,13,1.0745525826
125,121,89656,48,6,26,14,1.0881544279
125,121,89656,49,9,27,15,1.1217392338
125,121,89656,50,12,28,16,1.208026314
125,121,89656,51,12,29,17,1.5627613846
126,111,34228,35,1,13,1,1
126,111,34228,36,1,14,2,1
126,111,34228,37,0,15,3,1
126,111,34228,38,0,16,4,1
126,111,34228,39,2,17,5,1
126,111,34228,40,1,18,6,1
126,111,34228,41,0,19,7,1
126,111,34228,42,1,20,8,1
126,111,34228,43,1,21,9,1
126,111,34228,44,4,22,10,1
126,111,34228,45,0,23,11,1
126,111,34228,46,0,24,12,1
126,111,34228,47,0,25,13,1.0909008272
126,111,34228,48,1,26,14,1.0909008272
126,111,34228,49,1,27,15,1.199980002
126,111,34228,50,0,28,16,1.6499162607
126,111,34228,51,0,29,17,2.9695853355
127,106,58651,35,2,13,1,1
127,106,58651,36,4,14,2,1
127,106,58651,37,0,15,3,1
127,106,58651,38,1,16,4,1
127,106,58651,39,4,17,5,1
127,106,58651,40,5,18,6,1
127,106,58651,41,8,19,7,1
127,106,58651,42,3,20,8,1.0555524693
127,106,58651,43,1,21,9,1.0555524693
127,106,58651,44,6,22,10,1.0555524693
127,106,58651,45,3,23,11,1.0555524693
127,106,58651,46,3,24,12,1.0812970236
127,106,58651,47,9,25,13,1.0812970236
127,106,58651,48,1,26,14,1.0812970236
127,106,58651,49,0,27,15,1.0812970236
127,106,58651,50,0,28,16,1.1852658918
127,106,58651,51,3,29,17,2.8014640989
128,121,60724,35,14,13,1,1
128,121,60724,36,8,14,2,1
128,121,60724,37,12,15,3,1
128,121,60724,38,7,16,4,1
128,121,60724,39,10,17,5,1
128,121,60724,40,8,18,6,1
128,121,60724,41,8,19,7,1
128,121,60724,42,12,20,8,1
128,121,60724,43,15,21,9,1
128,121,60724,44,7,22,10,1
128,121,60724,45,15,23,11,1
128,121,60724,46,6,24,12,1
128,121,60724,47,8,25,13,1
128,121,60724,48,11,26,14,1
128,121,60724,49,13,27,15,1
128,121,60724,50,7,28,16,1
128,121,60724,51,10,29,17,1.1046505544
129,102,41877,35,22,13,1,1
129,102,41877,36,29,14,2,1
129,102,41877,37,20,15,3,1
129,102,41877,38,14,16,4,1
129,102,41877,39,9,17,5,1
129,102,41877,40,22,18,6,1
129,102,41877,41,10,19,7,1
129,102,41877,42,20,20,8,1
129,102,41877,43,6,21,9,1
129,102,41877,44,5,22,10,1
129,102,41877,45,12,23,11,1
129,102,41877,46,18,24,12,1.0041666493
129,102,41877,47,17,25,13,1.0081045423
129,102,41877,48,22,26,14,1.0081045423
129,102,41877,49,17,27,15,1.0294024506
129,102,41877,50,12,28,16,1.0463892336
129,102,41877,51,9,29,17,1.244774559
130,112,18991,35,8,13,1,1
130,112,18991,36,1,14,2,1
130,112,18991,37,1,15,3,1
130,112,18991,38,2,16,4,1
130,112,18991,39,2,17,5,1
130,112,18991,40,0,18,6,1
130,112,18991,41,3,19,7,1
130,112,18991,42,1,20,8,1
130,112,18991,43,2,21,9,1
130,112,18991,44,3,22,10,1
130,112,18991,45,0,23,11,1
130,112,18991,46,4,24,12,1
130,112,18991,47,2,25,13,1
130,112,18991,48,0,26,14,1
130,112,18991,49,3,27,15,1
130,112,18991,50,1,28,16,1.0666644445
130,112,18991,51,2,29,17,3.7330589164
131,120,78277,35,11,13,1,1
131,120,78277,36,19,14,2,1.0769171602
131,120,78277,37,16,15,3,1.118335458
131,120,78277,38,14,16,4,1.141633628
131,120,78277,39,24,17,5,1.1584221109
131,120,78277,40,11,18,6,1.1725490375
131,120,78277,41,10,19,7,1.1725490375
131,120,78277,42,15,20,8,1.1725490375
131,120,78277,43,7,21,9,1.1818549084
131,120,78277,44,12,22,10,1.1901195703
131,120,78277,45,6,23,11,1.1901195703
131,120,78277,46,8,24,12,1.1974208725
131,120,78277,47,14,25,13,1.1974208725
131,120,78277,48,22,26,14,1.204185924
131,120,78277,49,14,27,15,1.2169285648
131,120,78277,50,8,28,16,1.2525458124
131,120,78277,51,9,29,17,1.5603124534
132,108,30123,35,4,13,1,1
132,108,30123,36,4,14,2,1
132,108,30123,37,3,15,3,1
132,108,30123,38,4,16,4,1
132,108,30123,39,2,17,5,1
132,108,30123,40,1,18,6,1
132,108,30123,41,4,19,7,1
132,108,30123,42,4,20,8,1
132,108,30123,43,0,21,9,1.0294108997
132,108,30123,44,1,22,10,1.0294108997
132,108,30123,45,2,23,11,1.0294108997
132,108,30123,46,4,24,12,1.0294108997
132,108,30123,47,2,25,13,1.0539200995
132,108,30123,48,1,26,14,1.0539200995
132,108,30123,49,4,27,15,1.075428234
132,108,30123,50,1,28,16,1.1440711288
132,108,30123,51,4,29,17,2.0119572305
133,114,36630,35,2,13,1,1
133,114,36630,36,7,14,2,1
133,114,36630,37,5,15,3,1
133,114,36630,38,8,16,4,1
133,114,36630,39,3,17,5,1
133,114,36630,40,2,18,6,1
133,114,36630,41,3,19,7,1
133,114,36630,42,4,20,8,1
133,114,36630,43,4,21,9,1
133,114,36630,44,2,22,10,1
133,114,36630,45,3,23,11,1
133,114,36630,46,2,24,12,1
133,114,36630,47,7,25,13,1.017856824
133,114,36630,48,4,26,14,1.0351083422
133,114,36630,49,2,27,15,1.0510328409
133,114,36630,50,4,28,16,1.0814971194
133,114,36630,51,3,29,17,1.6222344138
134,115,56833,35,13,13,1,1
134,115,56833,36,30,14,2,1
134,115,56833,37,23,15,3,1
134,115,56833,38,15,16,4,1
134,115,56833,39,16,17,5,1
134,115,56833,40,16,18,6,1
134,115,56833,41,14,19,7,1
134,115,56833,42,15,20,8,1
134,115,56833,43,11,21,9,1
134,115,56833,44,18,22,10,1
134,115,56833,45,13,23,11,1
134,115,56833,46,12,24,12,1
134,115,56833,47,10,25,13,1
134,115,56833,48,19,26,14,1.0036363504
134,115,56833,49,17,27,15,1.0141639676
134,115,56833,50,19,28,16,1.0343797935
134,115,56833,51,18,29,17,1.3578881919
135,105,51371,35,13,13,1,1
135,105,51371,36,11,14,2,1.0588200694
135,105,51371,37,11,15,3,1.0899609202
135,105,51371,38,11,16,4,1.1131510847
135,105,51371,39,6,17,5,1.1311048449
135,105,51371,40,13,18,6,1.1311048449
135,105,51371,41,10,19,7,1.1311048449
135,105,51371,42,10,20,8,1.1311048449
135,105,51371,43,13,21,9,1.1420863387
135,105,51371,44,6,22,10,1.1420863387
135,105,51371,45,10,23,11,1.1420863387
135,105,51371,46,5,24,12,1.1593905461
135,105,51371,47,12,25,13,1.1676131158
135,105,51371,48,9,26,14,1.2000465882
135,105,51371,49,17,27,15,1.2234239673
135,105,51371,50,8,28,16,1.2701787256
135,105,51371,51,9,29,17,1.8130733188
136,121,35807,35,2,13,1,1
136,121,35807,36,0,14,2,1
136,121,35807,37,0,15,3,1
136,121,35807,38,3,16,4,1
136,121,35807,39,4,17,5,1
136,121,35807,40,5,18,6,1
136,121,35807,41,0,19,7,1
136,121,35807,42,2,20,8,1
136,121,35807,43,2,21,9,1
136,121,35807,44,1,22,10,1
136,121,35807,45,1,23,11,1
136,121,35807,46,5,24,12,1
136,121,35807,47,0,25,13,1
136,121,35807,48,2,26,14,1
136,121,35807,49,4,27,15,1.0399984001
136,121,35807,50,1,28,16,1.0799968001
136,121,35807,51,4,29,17,1.2959875205
137,119,66283,35,13,13,1,1
137,119,66283,36,7,14,2,1
137,119,66283,37,15,15,3,1
137,119,66283,38,14,16,4,1
137,119,66283,39,10,17,5,1
137,119,66283,40,10,18,6,1
137,119,66283,41,7,19,7,1
137,119,66283,42,11,20,8,1
137,119,66283,43,7,21,9,1.0219777805
137,119,66283,44,14,22,10,1.0418218166
137,119,66283,45,7,23,11,1.0418218166
137,119,66283,46,10,24,12,1.0674401758
137,119,66283,47,4,25,13,1.084250125
137,119,66283,48,14,26,14,1.1085242003
137,119,66283,49,7,27,15,1.1413691185
137,119,66283,50,7,28,16,1.2336850596
137,119,66283,51,5,29,17,1.870418889
138,117,16719,35,9,13,1,1
138,117,16719,36,4,14,2,1
138,117,16719,37,5,15,3,1
138,117,16719,38,7,16,4,1
138,117,16719,39,4,17,5,1
138,117,16719,40,1,18,6,1
138,117,16719,41,4,19,7,1
138,117,16719,42,7,20,8,1
138,117,16719,43,5,21,9,1
138,117,16719,44,4,22,10,1
138,117,16719,45,7,23,11,1
138,117,16719,46,7,24,12,1
138,117,16719,47,6,25,13,1
138,117,16719,48,6,26,14,1
138,117,16719,49,5,27,15,1.0238092404
138,117,16719,50,8,28,16,1.0960772777
138,117,16719,51,9,29,17,2.3226107424
139,121,48234,35,9,13,1,1
139,121,48234,36,3,14,2,1
139,121,48234,37,3,15,3,1
139,121,48234,38,7,16,4,1
139,121,48234,39,3,17,5,1
139,121,48234,40,1,18,6,1
139,121,48234,41,4,19,7,1
139,121,48234,42,8,20,8,1
139,121,48234,43,5,21,9,1
139,121,48234,44,4,22,10,1
139,121,48234,45,2,23,11,1
139,121,48234,46,7,24,12,1
139,121,48234,47,5,25,13,1
139,121,48234,48,3,26,14,1
139,121,48234,49,6,27,15,1
139,121,48234,50,2,28,16,1.0249996875
139,121,48234,51,7,29,17,1.4052353742
