"","weight","time","fac"
"1",1,1,1
"2",1,2,1
"3",1,3,1
"4",1,4,1
"5",1,5,1
"6",1,6,1
"7",1,7,1
"8",1,8,1
"9",1.05262880901005,9,1
"10",1.10275160359174,10,1
"11",1.10275160359174,11,1
"12",1.10275160359174,12,1
"13",1.10275160359174,13,1
"14",1.14213418291361,14,1
"15",1.18151676223549,15,1
"16",1.26028192087923,16,1
"17",1.73286795012439,17,1
"18",1,1,2
"19",1,2,2
"20",1,3,2
"21",1,4,2
"22",1,5,2
"23",1,6,2
"24",1,7,2
"25",1,8,2
"26",1,9,2
"27",1,10,2
"28",1,11,2
"29",1,12,2
"30",1,13,2
"31",1,14,2
"32",1,15,2
"33",1.04477545111267,16,2
"34",1.41351249783779,17,2
"35",1,1,3
"36",1,2,3
"37",1,3,3
"38",1,4,3
"39",1,5,3
"40",1,6,3
"41",1,7,3
"42",1,8,3
"43",1,9,3
"44",1,10,3
"45",1,11,3
"46",1,12,3
"47",1,13,3
"48",1,14,3
"49",1,15,3
"50",1.0068492681557,16,3
"51",1.30051119085175,17,3
"52",1,1,4
"53",1,2,4
"54",1,3,4
"55",1,4,4
"56",1,5,4
"57",1,6,4
"58",1,7,4
"59",1,8,4
"60",1,9,4
"61",1,10,4
"62",1,11,4
"63",1,12,4
"64",1,13,4
"65",1,14,4
"66",1.16663889351775,15,4
"67",1.16663889351775,16,4
"68",1.16663889351775,17,4
"69",1,1,5
"70",1,2,5
"71",1,3,5
"72",1,4,5
"73",1,5,5
"74",1,6,5
"75",1,7,5
"76",1,8,5
"77",1,9,5
"78",1,10,5
"79",1,11,5
"80",1,12,5
"81",1,13,5
"82",1,14,5
"83",1,15,5
"84",1.019999600008,16,5
"85",1.50314459093308,17,5
"86",1,1,6
"87",1,2,6
"88",1,3,6
"89",1,4,6
"90",1,5,6
"91",1,6,6
"92",1,7,6
"93",1,8,6
"94",1,9,6
"95",1,10,6
"96",1,11,6
"97",1,12,6
"98",1,13,6
"99",1,14,6
"100",1,15,6
"101",1,16,6
"102",1.28204766605556,17,6
"103",1,1,7
"104",1,2,7
"105",1.11109876680369,3,7
"106",1.23454046959268,4,7
"107",1.35798217238167,5,7
"108",1.35798217238167,6,7
"109",1.35798217238167,7,7
"110",1.35798217238167,8,7
"111",1.35798217238167,9,7
"112",1.35798217238167,10,7
"113",1.35798217238167,11,7
"114",1.35798217238167,12,7
"115",1.35798217238167,13,7
"116",1.53510258093542,14,7
"117",1.74442523639682,15,7
"118",2.66789015772918,16,7
"119",5.06875121357986,17,7
"120",1,1,8
"121",1,2,8
"122",1,3,8
"123",1,4,8
"124",1,5,8
"125",1,6,8
"126",1,7,8
"127",1,8,8
"128",1,9,8
"129",1,10,8
"130",1,11,8
"131",1,12,8
"132",1,13,8
"133",1.01315772160893,14,8
"134",1.02598234055817,15,8
"135",1.05228924279168,16,8
"136",1.62805928563915,17,8
"137",1,1,9
"138",1,2,9
"139",1,3,9
"140",1,4,9
"141",1,5,9
"142",1,6,9
"143",1,7,9
"144",1,8,9
"145",1,9,9
"146",1,10,9
"147",1.0090089278475,11,9
"148",1.0090089278475,12,9
"149",1.017487923216,13,9
"150",1.03389888640527,14,9
"151",1.06646237445356,15,9
"152",1.09165420068611,16,9
"153",1.59199049749749,17,9
"154",1,1,10
"155",1,2,10
"156",1,3,10
"157",1,4,10
"158",1,5,10
"159",1,6,10
"160",1,7,10
"161",1,8,10
"162",1,9,10
"163",1,10,10
"164",1,11,10
"165",1,12,10
"166",1,13,10
"167",1,14,10
"168",1,15,10
"169",1.06818026863026,16,10
"170",3.94382901888478,17,10
"171",1,1,11
"172",1,2,11
"173",1,3,11
"174",1,4,11
"175",1,5,11
"176",1,6,11
"177",1,7,11
"178",1,8,11
"179",1,9,11
"180",1,10,11
"181",1,11,11
"182",1,12,11
"183",1,13,11
"184",1,14,11
"185",1.019999600008,15,11
"186",1.04039918401648,16,11
"187",1.28810737763484,17,11
"188",1,1,12
"189",1,2,12
"190",1,3,12
"191",1,4,12
"192",1,5,12
"193",1,6,12
"194",1,7,12
"195",1,8,12
"196",1,9,12
"197",1,10,12
"198",1.00763352951504,11,12
"199",1.01493516884747,12,12
"200",1.01493516884747,13,12
"201",1.03350094287655,14,12
"202",1.06444389959168,15,12
"203",1.10223458365597,16,12
"204",1.71035876667148,17,12
"205",1,1,13
"206",1,2,13
"207",1,3,13
"208",1,4,13
"209",1,5,13
"210",1,6,13
"211",1,7,13
"212",1,8,13
"213",1,9,13
"214",1,10,13
"215",1,11,13
"216",1,12,13
"217",1,13,13
"218",1.00799993600051,14,13
"219",1.02338913052575,15,13
"220",1.04579894791086,16,13
"221",1.45591216166793,17,13
"222",1,1,14
"223",1,2,14
"224",1,3,14
"225",1,4,14
"226",1,5,14
"227",1,6,14
"228",1,7,14
"229",1,8,14
"230",1,9,14
"231",1,10,14
"232",1,11,14
"233",1,12,14
"234",1,13,14
"235",1,14,14
"236",1,15,14
"237",1,16,14
"238",1.31371933883649,17,14
"239",1,1,15
"240",1,2,15
"241",1,3,15
"242",1,4,15
"243",1,5,15
"244",1,6,15
"245",1,7,15
"246",1,8,15
"247",1,9,15
"248",1,10,15
"249",1,11,15
"250",1.05882006940768,12,15
"251",1.18337980935329,13,15
"252",1.37021941927171,14,15
"253",1.91827065023167,15,15
"254",2.1313999930717,16,15
"255",4.97295092261956,17,15
"256",1,1,16
"257",1,2,16
"258",1,3,16
"259",1,4,16
"260",1,5,16
"261",1,6,16
"262",1,7,16
"263",1,8,16
"264",1,9,16
"265",1,10,16
"266",1,11,16
"267",1,12,16
"268",1,13,16
"269",1,14,16
"270",1.00497509962637,15,16
"271",1.05547610714022,16,16
"272",1.15707219447945,17,16
"273",1,1,17
"274",1,2,17
"275",1,3,17
"276",1,4,17
"277",1,5,17
"278",1,6,17
"279",1,7,17
"280",1,8,17
"281",1,9,17
"282",1,10,17
"283",1,11,17
"284",1,12,17
"285",1,13,17
"286",1,14,17
"287",1,15,17
"288",1.0090089278475,16,17
"289",2.42588493554807,17,17
"290",1,1,18
"291",1,2,18
"292",1,3,18
"293",1,4,18
"294",1,5,18
"295",1,6,18
"296",1,7,18
"297",1,8,18
"298",1,9,18
"299",1,10,18
"300",1,11,18
"301",1,12,18
"302",1.01098889023198,13,18
"303",1.01098889023198,14,18
"304",1.01098889023198,15,18
"305",1.0765153412058,16,18
"306",2.00704672883475,17,18
"307",1,1,19
"308",1000,2,19
"309",1000,3,19
"310",1000,4,19
"311",1000,5,19
"312",1000,6,19
"313",1000,7,19
"314",1000,8,19
"315",1000,9,19
"316",1000,10,19
"317",1000,11,19
"318",1000,12,19
"319",1000,13,19
"320",1000,14,19
"321",1000,15,19
"322",1000,16,19
"323",1000,17,19
"324",1,1,20
"325",1,2,20
"326",1,3,20
"327",1,4,20
"328",1,5,20
"329",1,6,20
"330",1,7,20
"331",1,8,20
"332",1,9,20
"333",1,10,20
"334",1.03333222225926,11,20
"335",1.03333222225926,12,20
"336",1.03333222225926,13,20
"337",1.03333222225926,14,20
"338",1.05442020459144,15,20
"339",1.09497404796335,16,20
"340",1.37507717411384,17,20
"341",1,1,21
"342",1,2,21
"343",1,3,21
"344",1,4,21
"345",1,5,21
"346",1,6,21
"347",1,7,21
"348",1,8,21
"349",1.01851817558934,9,21
"350",1.01851817558934,10,21
"351",1.0322817487247,11,21
"352",1.0322817487247,12,21
"353",1.05715570804385,13,21
"354",1.05715570804385,14,21
"355",1.06828354573023,15,21
"356",1.12571752739335,16,21
"357",1.67990839948127,17,21
"358",1,1,22
"359",1,2,22
"360",1,3,22
"361",1,4,22
"362",1,5,22
"363",1,6,22
"364",1,7,22
"365",1,8,22
"366",1,9,22
"367",1,10,22
"368",1,11,22
"369",1.0208328993146,12,22
"370",1.0208328993146,13,22
"371",1.0208328993146,14,22
"372",1.0208328993146,15,22
"373",1.03939316002467,16,22
"374",1.46008989868373,17,22
"375",1,1,23
"376",1,2,23
"377",1,3,23
"378",1,4,23
"379",1,5,23
"380",1,6,23
"381",1,7,23
"382",1,8,23
"383",1,9,23
"384",1,10,23
"385",1,11,23
"386",1,12,23
"387",1,13,23
"388",1,14,23
"389",1,15,23
"390",1,16,23
"391",1.22972662531587,17,23
"392",1,1,24
"393",1,2,24
"394",1,3,24
"395",1,4,24
"396",1,5,24
"397",1,6,24
"398",1,7,24
"399",1,8,24
"400",1,9,24
"401",1,10,24
"402",1,11,24
"403",1,12,24
"404",1,13,24
"405",1,14,24
"406",1,15,24
"407",1,16,24
"408",2.998001998002,17,24
"409",1,1,25
"410",1,2,25
"411",1,3,25
"412",1,4,25
"413",1,5,25
"414",1,6,25
"415",1,7,25
"416",1,8,25
"417",1,9,25
"418",1,10,25
"419",1.02564036819569,11,25
"420",1.02564036819569,12,25
"421",1.02564036819569,13,25
"422",1.02564036819569,14,25
"423",1.02564036819569,15,25
"424",1.02564036819569,16,25
"425",1.31281392781929,17,25
"426",1,1,26
"427",1,2,26
"428",1,3,26
"429",1,4,26
"430",1,5,26
"431",1,6,26
"432",1,7,26
"433",1,8,26
"434",1,9,26
"435",1,10,26
"436",1,11,26
"437",1,12,26
"438",1.02438964903295,13,26
"439",1.02438964903295,14,26
"440",1.09268077472124,15,26
"441",1.24167931221647,16,26
"442",2.94072999995018,17,26
"443",1,1,27
"444",1,2,27
"445",1,3,27
"446",1,4,27
"447",1,5,27
"448",1,6,27
"449",1,7,27
"450",1,8,27
"451",1,9,27
"452",1,10,27
"453",1,11,27
"454",1,12,27
"455",1,13,27
"456",1,14,27
"457",1,15,27
"458",1.01020397751043,16,27
"459",1.66762787678073,17,27
"460",1,1,28
"461",1,2,28
"462",1,3,28
"463",1,4,28
"464",1,5,28
"465",1,6,28
"466",1,7,28
"467",1,8,28
"468",1,9,28
"469",1,10,28
"470",1,11,28
"471",1,12,28
"472",1,13,28
"473",1,14,28
"474",1,15,28
"475",1.02185780405572,16,28
"476",1.98359689670528,17,28
"477",1,1,29
"478",1.04999750012499,2,29
"479",1.11176024240463,3,29
"480",1.15808262078861,4,29
"481",1.19427213722706,5,29
"482",1.21085901987073,6,29
"483",1.21085901987073,7,29
"484",1.22347200327581,8,29
"485",1.24677600996671,9,29
"486",1.25734181881551,10,29
"487",1.27729946706934,11,29
"488",1.28676087451869,12,29
"489",1.30426770609832,13,29
"490",1.31236869743438,14,29
"491",1.35814873467025,15,29
"492",1.45961903398298,16,29
"493",2.37816447308054,17,29
"494",1,1,30
"495",1,2,30
"496",1,3,30
"497",1,4,30
"498",1,5,30
"499",1,6,30
"500",1,7,30
"501",1,8,30
"502",1,9,30
"503",1,10,30
"504",1,11,30
"505",1,12,30
"506",1,13,30
"507",1.01818148760932,14,30
"508",1.01818148760932,15,30
"509",1.01818148760932,16,30
"510",1.65452900867711,17,30
"511",1,1,31
"512",1,2,31
"513",1,3,31
"514",1,4,31
"515",1,5,31
"516",1,6,31
"517",1.03124902346802,7,31
"518",1.03124902346802,8,31
"519",1.03124902346802,9,31
"520",1.03124902346802,10,31
"521",1.03124902346802,11,31
"522",1.03124902346802,12,31
"523",1.06398656806153,13,31
"524",1.11234886112049,14,31
"525",1.23793461018653,15,31
"526",1.64214990707812,16,31
"527",5.23412833016006,17,31
"528",1,1,32
"529",1,2,32
"530",1,3,32
"531",1,4,32
"532",1,5,32
"533",1,6,32
"534",1,7,32
"535",1,8,32
"536",1,9,32
"537",1,10,32
"538",1,11,32
"539",1,12,32
"540",1,13,32
"541",1,14,32
"542",1.06060422411442,15,32
"543",1.19317560927294,16,32
"544",3.12046487892386,17,32
"545",1,1,33
"546",1,2,33
"547",1,3,33
"548",1,4,33
"549",1,5,33
"550",1,6,33
"551",1,7,33
"552",1,8,33
"553",1,9,33
"554",1,10,33
"555",1,11,33
"556",1,12,33
"557",1,13,33
"558",1.00152671522639,14,33
"559",1.00152671522639,15,33
"560",1.00564257280149,16,33
"561",1.34142725505772,17,33
"562",1,1,34
"563",1,2,34
"564",1,3,34
"565",1,4,34
"566",1,5,34
"567",1,6,34
"568",1,7,34
"569",1,8,34
"570",1,9,34
"571",1,10,34
"572",1.1052576180201,11,34
"573",1.1052576180201,12,34
"574",1.14472969466094,13,34
"575",1.18050137975394,14,34
"576",1.21739089507389,15,34
"577",1.40183847167368,16,34
"578",3.40432182525368,17,34
"579",1,1,35
"580",1,2,35
"581",1,3,35
"582",1,4,35
"583",1,5,35
"584",1,6,35
"585",1,7,35
"586",1.01149412075723,8,35
"587",1.02094724849209,9,35
"588",1.03810588158748,10,35
"589",1.06206198688484,11,35
"590",1.07745407805642,12,35
"591",1.09221362186854,13,35
"592",1.1261330888864,14,35
"593",1.1649650411931,15,35
"594",1.22968496170427,16,35
"595",1.69855427178352,17,35
"596",1,1,36
"597",1,2,36
"598",1,3,36
"599",1,4,36
"600",1,5,36
"601",1,6,36
"602",1,7,36
"603",1,8,36
"604",1,9,36
"605",1,10,36
"606",1.01694886527347,11,36
"607",1.03259399173727,12,36
"608",1.04713736424945,13,36
"609",1.04713736424945,14,36
"610",1.08591975079713,15,36
"611",1.16635725780053,16,36
"612",2.78625289653353,17,36
"613",1,1,37
"614",1.24993751562109,2,37
"615",1.4284745125674,3,37
"616",1.55832402739036,4,37
"617",1.64998475484112,5,37
"618",1.64998475484112,6,37
"619",1.64998475484112,7,37
"620",1.64998475484112,8,37
"621",1.64998475484112,9,37
"622",1.64998475484112,10,37
"623",1.68171462070603,11,37
"624",1.68171462070603,12,37
"625",1.68171462070603,13,37
"626",1.70719475919948,14,37
"627",1.81225128197294,15,37
"628",2.52292412445562,16,37
"629",42.876259004119,17,37
"630",1,1,38
"631",1,2,38
"632",1,3,38
"633",1,4,38
"634",1,5,38
"635",1,6,38
"636",1,7,38
"637",1,8,38
"638",1,9,38
"639",1,10,38
"640",1.01886756853644,11,38
"641",1.01886756853644,12,38
"642",1.05070668256705,13,38
"643",1.05070668256705,14,38
"644",1.0933023238111,15,38
"645",1.18194726026962,16,38
"646",1.42528576475889,17,38
"647",1,1,39
"648",1,2,39
"649",1,3,39
"650",1,4,39
"651",1,5,39
"652",1,6,39
"653",1,7,39
"654",1,8,39
"655",1,9,39
"656",1,10,39
"657",1.02040774678068,11,39
"658",1.02040774678068,12,39
"659",1.03438574361333,13,39
"660",1.04799590326404,14,39
"661",1.07557437994893,15,39
"662",1.20638571249227,16,39
"663",2.92451935956772,17,39
"664",1,1,40
"665",1,2,40
"666",1,3,40
"667",1,4,40
"668",1,5,40
"669",1,6,40
"670",1,7,40
"671",1,8,40
"672",1,9,40
"673",1,10,40
"674",1,11,40
"675",1,12,40
"676",1,13,40
"677",1,14,40
"678",1,15,40
"679",1.05405332360374,16,40
"680",2.19353963327508,17,40
"681",1,1,41
"682",1,2,41
"683",1.04545247943275,3,41
"684",1.07812184849724,4,41
"685",1.10207957940316,5,41
"686",1.10207957940316,6,41
"687",1.10207957940316,7,41
"688",1.10207957940316,8,41
"689",1.10207957940316,9,41
"690",1.10207957940316,10,41
"691",1.10207957940316,11,41
"692",1.11024307137287,12,41
"693",1.13337297473548,13,41
"694",1.14045651155547,14,41
"695",1.14693634128119,15,41
"696",1.26230795329402,16,41
"697",3.01373834560956,17,41
"698",1,1,42
"699",1,2,42
"700",1,3,42
"701",1,4,42
"702",1,5,42
"703",1,6,42
"704",1,7,42
"705",1,8,42
"706",1,9,42
"707",1,10,42
"708",1,11,42
"709",1,12,42
"710",1.01010090807164,13,42
"711",1.01010090807164,14,42
"712",1.01896136462966,15,42
"713",1.04422466075026,16,42
"714",1.33955794527272,17,42
"715",1,1,43
"716",1,2,43
"717",1,3,43
"718",1,4,43
"719",1,5,43
"720",1,6,43
"721",1,7,43
"722",1,8,43
"723",1,9,43
"724",1,10,43
"725",1,11,43
"726",1,12,43
"727",1,13,43
"728",1,14,43
"729",1,15,43
"730",1,16,43
"731",1.10810737765285,17,43
"732",1,1,44
"733",1,2,44
"734",1,3,44
"735",1,4,44
"736",1,5,44
"737",1,6,44
"738",1,7,44
"739",1,8,44
"740",1,9,44
"741",1,10,44
"742",1.00421939147936,11,44
"743",1.00421939147936,12,44
"744",1.00783167845487,13,44
"745",1.01122503968414,14,44
"746",1.04437985031375,15,44
"747",1.14500083050684,16,44
"748",2.08062473415584,17,44
"749",1,1,45
"750",1,2,45
"751",1,3,45
"752",1,4,45
"753",1,5,45
"754",1,6,45
"755",1,7,45
"756",1,8,45
"757",1,9,45
"758",1,10,45
"759",1,11,45
"760",1,12,45
"761",1,13,45
"762",1,14,45
"763",1.02189765038211,15,45
"764",1.13280041164249,16,45
"765",2.3352931179598,17,45
"766",1,1,46
"767",1,2,46
"768",1,3,46
"769",1,4,46
"770",1,5,46
"771",1,6,46
"772",1,7,46
"773",1,8,46
"774",1,9,46
"775",1,10,46
"776",1.00549447530508,11,46
"777",1.01057270458324,12,46
"778",1.03068350412321,13,46
"779",1.0611469059032,14,46
"780",1.13772412294148,15,46
"781",1.1654733564316,16,46
"782",1.44544583885661,17,46
"783",1,1,47
"784",1,2,47
"785",1,3,47
"786",1,4,47
"787",1,5,47
"788",1,6,47
"789",1,7,47
"790",1,8,47
"791",1,9,47
"792",1,10,47
"793",1,11,47
"794",1,12,47
"795",1,13,47
"796",1.0167596829068,14,47
"797",1.06025719074502,15,47
"798",1.15346610197034,16,47
"799",2.0078775255463,17,47
"800",1,1,48
"801",1,2,48
"802",1,3,48
"803",1,4,48
"804",1,5,48
"805",1,6,48
"806",1,7,48
"807",1,8,48
"808",1,9,48
"809",1,10,48
"810",1,11,48
"811",1,12,48
"812",1,13,48
"813",1,14,48
"814",1.01587276392438,15,48
"815",1.04761829177315,16,48
"816",1.46229189323332,17,48
"817",1,1,49
"818",1,2,49
"819",1,3,49
"820",1,4,49
"821",1,5,49
"822",1,6,49
"823",1,7,49
"824",1,8,49
"825",1,9,49
"826",1,10,49
"827",1,11,49
"828",1,12,49
"829",1,13,49
"830",1.01562475586319,14,49
"831",1.04383616281207,15,49
"832",1.20952181269256,16,49
"833",1.841757482153,17,49
"834",1,1,50
"835",1,2,50
"836",1,3,50
"837",1,4,50
"838",1,5,50
"839",1.03846005922849,6,50
"840",1.07554659396755,7,50
"841",1.40287263013002,8,50
"842",1.7216928269688,9,50
"843",1.9676372334688,10,50
"844",1.9676372334688,11,50
"845",2.23902611433067,12,50
"846",2.39343638393039,13,50
"847",3.06357176601561,14,50
"848",3.72953667319696,15,50
"849",4.04031844672281,16,50
"850",5.05035597350656,17,50
"851",1,1,51
"852",1,2,51
"853",1,3,51
"854",1,4,51
"855",1,5,51
"856",1,6,51
"857",1,7,51
"858",1,8,51
"859",1,9,51
"860",1,10,51
"861",1,11,51
"862",1.039998400064,12,51
"863",1.08159667213567,13,51
"864",1.08159667213567,14,51
"865",1.12165432452394,15,51
"866",1.156704926834,16,51
"867",1.57310204460952,17,51
"868",1,1,52
"869",1,2,52
"870",1,3,52
"871",1,4,52
"872",1,5,52
"873",1,6,52
"874",1,7,52
"875",1,8,52
"876",1,9,52
"877",1,10,52
"878",1,11,52
"879",1,12,52
"880",1,13,52
"881",1,14,52
"882",1.01204804761388,15,52
"883",1.04735163876796,16,52
"884",1.32056984571892,17,52
"885",1,1,53
"886",1,2,53
"887",1,3,53
"888",1,4,53
"889",1,5,53
"890",1,6,53
"891",1,7,53
"892",1,8,53
"893",1,9,53
"894",1,10,53
"895",1,11,53
"896",1,12,53
"897",1,13,53
"898",1,14,53
"899",1.02586184601857,15,53
"900",1.15049810173806,16,53
"901",3.19258118024616,17,53
"902",1,1,54
"903",1,2,54
"904",1.01785682398529,3,54
"905",1.0299740228756,4,54
"906",1.04714011353944,5,54
"907",1.04714011353944,6,54
"908",1.04714011353944,7,54
"909",1.05201051001917,8,54
"910",1.0564307036739,9,54
"911",1.0564307036739,10,54
"912",1.06692501366301,11,54
"913",1.07030134795836,12,54
"914",1.07348675915641,13,54
"915",1.08554837425476,14,54
"916",1.10927614274183,15,54
"917",1.14554665348405,16,54
"918",1.4244937965495,17,54
"919",1,1,55
"920",1,2,55
"921",1,3,55
"922",1,4,55
"923",1,5,55
"924",1,6,55
"925",1,7,55
"926",1,8,55
"927",1,9,55
"928",1,10,55
"929",1,11,55
"930",1,12,55
"931",1,13,55
"932",1,14,55
"933",1.04545247943275,15,55
"934",1.04545247943275,16,55
"935",1.35292041644609,17,55
"936",1,1,56
"937",1,2,56
"938",1,3,56
"939",1,4,56
"940",1,5,56
"941",1,6,56
"942",1,7,56
"943",1,8,56
"944",1,9,56
"945",1,10,56
"946",1.00282485077726,11,56
"947",1.01049951117948,12,56
"948",1.0129701640903,13,56
"949",1.01982999170304,14,56
"950",1.02623058495517,15,56
"951",1.04659226251047,16,56
"952",1.32568286801182,17,56
"953",1,1,57
"954",1,2,57
"955",1,3,57
"956",1,4,57
"957",1,5,57
"958",1,6,57
"959",1,7,57
"960",1,8,57
"961",1,9,57
"962",1,10,57
"963",1,11,57
"964",1.01724108205031,12,57
"965",1.01724108205031,13,57
"966",1.01724108205031,14,57
"967",1.01724108205031,15,57
"968",1.0553871458014,16,57
"969",1.38519047568731,17,57
"970",1,1,58
"971",1,2,58
"972",1.74981254686328,3,58
"973",3.4991877499258,4,58
"974",6.29797819177808,5,58
"975",6.29797819177808,6,58
"976",6.29797819177808,7,58
"977",6.29797819177808,8,58
"978",8.01545247369192,9,58
"979",11.5774800144949,10,58
"980",14.4714882670871,11,58
"981",16.2801982117299,12,58
"982",18.3149686418923,13,58
"983",25.1822234757477,14,58
"984",34.6243770099613,15,58
"985",45.0106514855022,16,58
"986",269.951438519496,17,58
"987",1,1,59
"988",1,2,59
"989",1,3,59
"990",1,4,59
"991",1,5,59
"992",1,6,59
"993",1,7,59
"994",1,8,59
"995",1,9,59
"996",1,10,59
"997",1,11,59
"998",1,12,59
"999",1.019999600008,13,59
"1000",1.05578843178316,14,59
"1001",1.09283299001137,15,59
"1002",1.23994229425705,16,59
"1003",2.38799449071001,17,59
"1004",1,1,60
"1005",1,2,60
"1006",1,3,60
"1007",1,4,60
"1008",1,5,60
"1009",1,6,60
"1010",1,7,60
"1011",1,8,60
"1012",1,9,60
"1013",1,10,60
"1014",1,11,60
"1015",1,12,60
"1016",1,13,60
"1017",1.00520830620674,14,60
"1018",1.01023432260769,15,60
"1019",1.01994806747053,16,60
"1020",1.26060861900542,17,60
"1021",1,1,61
"1022",1,2,61
"1023",1,3,61
"1024",1,4,61
"1025",1,5,61
"1026",1.01176456747568,6,61
"1027",1.02241460871183,7,61
"1028",1.02241460871183,8,61
"1029",1.02241460871183,9,61
"1030",1.02241460871183,10,61
"1031",1.02241460871183,11,61
"1032",1.0295146608553,12,61
"1033",1.0295146608553,13,61
"1034",1.04184410392277,14,61
"1035",1.05930508074283,15,61
"1036",1.13194272835007,16,61
"1037",1.94774995772643,17,61
"1038",1,1,62
"1039",1,2,62
"1040",1,3,62
"1041",1,4,62
"1042",1,5,62
"1043",1,6,62
"1044",1,7,62
"1045",1,8,62
"1046",1,9,62
"1047",1,10,62
"1048",1,11,62
"1049",1.01204804761388,12,62
"1050",1.03614414284165,13,62
"1051",1.03614414284165,14,62
"1052",1.05750771935822,15,62
"1053",1.13008106702645,16,62
"1054",1.83209048730924,17,62
"1055",1,1,63
"1056",1,2,63
"1057",1,3,63
"1058",1,4,63
"1059",1,5,63
"1060",1,6,63
"1061",1,7,63
"1062",1,8,63
"1063",1,9,63
"1064",1,10,63
"1065",1,11,63
"1066",1.00694439621947,12,63
"1067",1.0201069820355,13,63
"1068",1.02640389984487,14,63
"1069",1.02640389984487,15,63
"1070",1.07253415303873,16,63
"1071",1.6741947619742,17,63
"1072",1,1,64
"1073",1,2,64
"1074",1,3,64
"1075",1,4,64
"1076",1,5,64
"1077",1,6,64
"1078",1,7,64
"1079",1,8,64
"1080",1,9,64
"1081",1,10,64
"1082",1.04347637059258,11,64
"1083",1.04347637059258,12,64
"1084",1.04347637059258,13,64
"1085",1.0836085336091,14,64
"1086",1.12695114124916,15,64
"1087",1.17029374888922,16,64
"1088",1.46285499605956,17,64
"1089",1,1,65
"1090",1,2,65
"1091",1,3,65
"1092",1,4,65
"1093",1,5,65
"1094",1,6,65
"1095",1,7,65
"1096",1,8,65
"1097",1,9,65
"1098",1,10,65
"1099",1,11,65
"1100",1,12,65
"1101",1.01098889023198,13,65
"1102",1.01098889023198,14,65
"1103",1.02061726415443,15,65
"1104",1.03969404407526,16,65
"1105",1.20738482870262,17,65
"1106",1,1,66
"1107",1,2,66
"1108",1,3,66
"1109",1,4,66
"1110",1,5,66
"1111",1,6,66
"1112",1,7,66
"1113",1,8,66
"1114",1,9,66
"1115",1,10,66
"1116",1,11,66
"1117",1,12,66
"1118",1,13,66
"1119",1,14,66
"1120",1,15,66
"1121",1.01612877211658,16,66
"1122",1.53657227872491,17,66
"1123",1,1,67
"1124",1,2,67
"1125",1,3,67
"1126",1,4,67
"1127",1,5,67
"1128",1,6,67
"1129",1,7,67
"1130",1,8,67
"1131",1,9,67
"1132",1,10,67
"1133",1,11,67
"1134",1,12,67
"1135",1,13,67
"1136",1.00813001520313,14,67
"1137",1.03121678588129,15,67
"1138",1.06026494148248,16,67
"1139",1.69423125735535,17,67
"1140",1,1,68
"1141",1,2,68
"1142",1,3,68
"1143",1,4,68
"1144",1,5,68
"1145",1,6,68
"1146",1,7,68
"1147",1,8,68
"1148",1,9,68
"1149",1,10,68
"1150",1,11,68
"1151",1,12,68
"1152",1.02777700619427,13,68
"1153",1.05284412665949,14,68
"1154",1.05284412665949,15,68
"1155",1.17248278562854,16,68
"1156",2.16454544798107,17,68
"1157",1,1,69
"1158",1,2,69
"1159",1,3,69
"1160",1,4,69
"1161",1,5,69
"1162",1,6,69
"1163",1,7,69
"1164",1,8,69
"1165",1,9,69
"1166",1,10,69
"1167",1,11,69
"1168",1.01724108205031,12,69
"1169",1.01724108205031,13,69
"1170",1.03062565701709,14,69
"1171",1.08280857404432,15,69
"1172",1.12445452373898,16,69
"1173",1.73971048472897,17,69
"1174",1,1,70
"1175",1,2,70
"1176",1,3,70
"1177",1,4,70
"1178",1,5,70
"1179",1,6,70
"1180",1,7,70
"1181",1,8,70
"1182",1,9,70
"1183",1,10,70
"1184",1,11,70
"1185",1,12,70
"1186",1.01515128558658,13,70
"1187",1.07315910179416,14,70
"1188",1.11915097770139,15,70
"1189",1.16514285360863,16,70
"1190",1.48461235428356,17,70
"1191",1,1,71
"1192",1,2,71
"1193",1,3,71
"1194",1,4,71
"1195",1,5,71
"1196",1,6,71
"1197",1,7,71
"1198",1,8,71
"1199",1,9,71
"1200",1,10,71
"1201",1,11,71
"1202",1,12,71
"1203",1,13,71
"1204",1,14,71
"1205",1,15,71
"1206",1.03571301024963,16,71
"1207",1.31816735602927,17,71
"1208",1,1,72
"1209",1,2,72
"1210",1,3,72
"1211",1,4,72
"1212",1,5,72
"1213",1,6,72
"1214",1,7,72
"1215",1,8,72
"1216",1,9,72
"1217",1,10,72
"1218",1,11,72
"1219",1,12,72
"1220",1,13,72
"1221",1,14,72
"1222",1.04597648302893,15,72
"1223",1.13111311377976,16,72
"1224",1.9420845732547,17,72
"1225",1,1,73
"1226",1,2,73
"1227",1,3,73
"1228",1,4,73
"1229",1,5,73
"1230",1,6,73
"1231",1,7,73
"1232",1,8,73
"1233",1,9,73
"1234",1,10,73
"1235",1,11,73
"1236",1,12,73
"1237",1,13,73
"1238",1,14,73
"1239",1,15,73
"1240",1.07017420747004,16,73
"1241",1.61896742173124,17,73
"1242",1,1,74
"1243",1,2,74
"1244",1,3,74
"1245",1,4,74
"1246",1,5,74
"1247",1,6,74
"1248",1,7,74
"1249",1,8,74
"1250",1,9,74
"1251",1,10,74
"1252",1,11,74
"1253",1,12,74
"1254",1,13,74
"1255",1,14,74
"1256",1.03571301024963,15,74
"1257",1.28427419026235,16,74
"1258",3.15213957015486,17,74
"1259",1,1,75
"1260",1,2,75
"1261",1,3,75
"1262",1,4,75
"1263",1,5,75
"1264",1,6,75
"1265",1,7,75
"1266",1,8,75
"1267",1,9,75
"1268",1,10,75
"1269",1,11,75
"1270",1,12,75
"1271",1,13,75
"1272",1,14,75
"1273",1,15,75
"1274",1.08332638946754,16,75
"1275",1.44439506721475,17,75
"1276",1,1,76
"1277",1,2,76
"1278",1,3,76
"1279",1,4,76
"1280",1,5,76
"1281",1,6,76
"1282",1,7,76
"1283",1,8,76
"1284",1,9,76
"1285",1,10,76
"1286",1,11,76
"1287",1.01190469104351,12,76
"1288",1.01190469104351,13,76
"1289",1.02788204944231,14,76
"1290",1.0765709428954,15,76
"1291",1.10969603280454,16,76
"1292",1.39562822572232,17,76
"1293",1,1,77
"1294",1,2,77
"1295",1,3,77
"1296",1,4,77
"1297",1,5,77
"1298",1,6,77
"1299",1,7,77
"1300",1,8,77
"1301",1,9,77
"1302",1,10,77
"1303",1,11,77
"1304",1,12,77
"1305",1,13,77
"1306",1,14,77
"1307",1,15,77
"1308",1.01694886527347,16,77
"1309",1.24523884951886,17,77
"1310",1,1,78
"1311",1,2,78
"1312",1,3,78
"1313",1,4,78
"1314",1,5,78
"1315",1,6,78
"1316",1,7,78
"1317",1,8,78
"1318",1,9,78
"1319",1,10,78
"1320",1,11,78
"1321",1,12,78
"1322",1,13,78
"1323",1,14,78
"1324",1,15,78
"1325",1,16,78
"1326",1.36360330879011,17,78
"1327",1,1,79
"1328",1,2,79
"1329",1,3,79
"1330",1,4,79
"1331",1,5,79
"1332",1,6,79
"1333",1,7,79
"1334",1,8,79
"1335",1,9,79
"1336",1,10,79
"1337",1,11,79
"1338",1,12,79
"1339",1,13,79
"1340",1,14,79
"1341",1,15,79
"1342",1.20587629775595,16,79
"1343",3.94625512185364,17,79
"1344",1,1,80
"1345",1,2,80
"1346",1,3,80
"1347",1,4,80
"1348",1,5,80
"1349",1,6,80
"1350",1,7,80
"1351",1,8,80
"1352",1,9,80
"1353",1,10,80
"1354",1,11,80
"1355",1,12,80
"1356",1,13,80
"1357",1,14,80
"1358",1,15,80
"1359",1,16,80
"1360",1.18517832672864,17,80
"1361",1,1,81
"1362",1,2,81
"1363",1,3,81
"1364",1,4,81
"1365",1,5,81
"1366",1,6,81
"1367",1,7,81
"1368",1,8,81
"1369",1,9,81
"1370",1,10,81
"1371",1,11,81
"1372",1.00680267481174,12,81
"1373",1.0133830414421,13,81
"1374",1.0133830414421,14,81
"1375",1.0133830414421,15,81
"1376",1.02416365475205,16,81
"1377",1.21775438467024,17,81
"1378",1,1,82
"1379",1,2,82
"1380",1,3,82
"1381",1,4,82
"1382",1,5,82
"1383",1,6,82
"1384",1,7,82
"1385",1,8,82
"1386",1,9,82
"1387",1,10,82
"1388",1,11,82
"1389",1,12,82
"1390",1,13,82
"1391",1,14,82
"1392",1,15,82
"1393",1.03797420285819,16,82
"1394",1.19878484258777,17,82
"1395",1,1,83
"1396",1,2,83
"1397",1,3,83
"1398",1,4,83
"1399",1,5,83
"1400",1,6,83
"1401",1,7,83
"1402",1,8,83
"1403",1,9,83
"1404",1,10,83
"1405",1.02499937501562,11,83
"1406",1.04728148573095,12,83
"1407",1.04728148573095,13,83
"1408",1.04728148573095,14,83
"1409",1.04728148573095,15,83
"1410",1.11011711816216,16,83
"1411",2.5580330150738,17,83
"1412",1,1,84
"1413",1,2,84
"1414",1,3,84
"1415",1,4,84
"1416",1,5,84
"1417",1,6,84
"1418",1.0176989584163,7,84
"1419",1.0176989584163,8,84
"1420",1.02518198397064,9,84
"1421",1.03139517046024,10,84
"1422",1.03712511179646,11,84
"1423",1.04734304285883,12,84
"1424",1.05713124985655,13,84
"1425",1.07512489668965,14,84
"1426",1.10463801341008,15,84
"1427",1.25566215186795,16,84
"1428",6.80557786481004,17,84
"1429",1,1,85
"1430",1,2,85
"1431",1,3,85
"1432",1,4,85
"1433",1,5,85
"1434",1,6,85
"1435",1,7,85
"1436",1,8,85
"1437",1,9,85
"1438",1,10,85
"1439",1,11,85
"1440",1.01020397751043,12,85
"1441",1.01020397751043,13,85
"1442",1.01020397751043,14,85
"1443",1.01922357534894,15,85
"1444",1.05406852796811,16,85
"1445",2.09190465033483,17,85
"1446",1,1,86
"1447",1,2,86
"1448",1,3,86
"1449",1,4,86
"1450",1,5,86
"1451",1,6,86
"1452",1,7,86
"1453",1,8,86
"1454",1,9,86
"1455",1,10,86
"1456",1,11,86
"1457",1,12,86
"1458",1,13,86
"1459",1,14,86
"1460",1,15,86
"1461",1,16,86
"1462",1.16071141586757,17,86
"1463",1,1,87
"1464",1,2,87
"1465",1,3,87
"1466",1,4,87
"1467",1,5,87
"1468",1,6,87
"1469",1,7,87
"1470",1,8,87
"1471",1,9,87
"1472",1,10,87
"1473",1,11,87
"1474",1,12,87
"1475",1,13,87
"1476",1,14,87
"1477",1,15,87
"1478",1,16,87
"1479",1.23076331376119,17,87
"1480",1,1,88
"1481",1,2,88
"1482",1,3,88
"1483",1,4,88
"1484",1,5,88
"1485",1,6,88
"1486",1,7,88
"1487",1,8,88
"1488",1,9,88
"1489",1,10,88
"1490",1.01204804761388,11,88
"1491",1.01204804761388,12,88
"1492",1.01204804761388,13,88
"1493",1.01204804761388,14,88
"1494",1.02055258158935,15,88
"1495",1.10853049398573,16,88
"1496",2.0806115105422,17,88
"1497",1,1,89
"1498",1,2,89
"1499",1,3,89
"1500",1,4,89
"1501",1,5,89
"1502",1,6,89
"1503",1,7,89
"1504",1.01111098765569,8,89
"1505",1.02092750388035,9,89
"1506",1.02972852718084,10,89
"1507",1.02972852718084,11,89
"1508",1.06165784640103,12,89
"1509",1.06924106256663,13,89
"1510",1.08369016848574,14,89
"1511",1.1487111451217,15,89
"1512",1.31518981485913,16,89
"1513",1.72618296242093,17,89
"1514",1,1,90
"1515",1,2,90
"1516",1,3,90
"1517",1,4,90
"1518",1,5,90
"1519",1,6,90
"1520",1,7,90
"1521",1,8,90
"1522",1,9,90
"1523",1,10,90
"1524",1.01388879243894,11,90
"1525",1.01388879243894,12,90
"1526",1.01388879243894,13,90
"1527",1.02496948371865,14,90
"1528",1.03559087411268,15,90
"1529",1.08338713088579,16,90
"1530",1.60186155442096,17,90
"1531",1,1,91
"1532",1,2,91
"1533",1,3,91
"1534",1,4,91
"1535",1,5,91
"1536",1,6,91
"1537",1,7,91
"1538",1,8,91
"1539",1,9,91
"1540",1,10,91
"1541",1,11,91
"1542",1,12,91
"1543",1,13,91
"1544",1,14,91
"1545",1.11109876680369,15,91
"1546",1.11109876680369,16,91
"1547",1.24996875390576,17,91
"1548",1,1,92
"1549",1,2,92
"1550",1,3,92
"1551",1,4,92
"1552",1,5,92
"1553",1,6,92
"1554",1,7,92
"1555",1,8,92
"1556",1,9,92
"1557",1,10,92
"1558",1,11,92
"1559",1,12,92
"1560",1,13,92
"1561",1,14,92
"1562",1,15,92
"1563",1,16,92
"1564",1.39998400063997,17,92
"1565",1,1,93
"1566",1,2,93
"1567",1,3,93
"1568",1,4,93
"1569",1,5,93
"1570",1,6,93
"1571",1,7,93
"1572",1,8,93
"1573",1,9,93
"1574",1,10,93
"1575",1,11,93
"1576",1,12,93
"1577",1,13,93
"1578",1,14,93
"1579",1.00231480945646,15,93
"1580",1.02286335783131,16,93
"1581",1.14699695918559,17,93
"1582",1,1,94
"1583",1.06249609399413,2,94
"1584",1.0967690559629,3,94
"1585",1.12641066175634,4,94
"1586",1.14849671226038,5,94
"1587",1.14849671226038,6,94
"1588",1.14849671226038,7,94
"1589",1.17617099840778,8,94
"1590",1.17617099840778,9,94
"1591",1.18855161543716,10,94
"1592",1.21280752334498,11,94
"1593",1.21280752334498,12,94
"1594",1.21280752334498,13,94
"1595",1.23427295326763,14,94
"1596",1.24500566822896,15,94
"1597",1.3339338505294,16,94
"1598",2.1090470999823,17,94
"1599",1,1,95
"1600",1,2,95
"1601",1,3,95
"1602",1,4,95
"1603",1,5,95
"1604",1,6,95
"1605",1,7,95
"1606",1,8,95
"1607",1,9,95
"1608",1,10,95
"1609",1,11,95
"1610",1,12,95
"1611",1,13,95
"1612",1,14,95
"1613",1,15,95
"1614",1,16,95
"1615",2.99900049975012,17,95
"1616",1,1,96
"1617",1,2,96
"1618",1,3,96
"1619",1,4,96
"1620",1,5,96
"1621",1,6,96
"1622",1,7,96
"1623",1,8,96
"1624",1,9,96
"1625",1,10,96
"1626",1.0116277717701,11,96
"1627",1.0116277717701,12,96
"1628",1.08173989345593,13,96
"1629",1.1847617592911,14,96
"1630",1.3255241389853,15,96
"1631",1.48619210868079,16,96
"1632",1.96919850642207,17,96
"1633",1,1,97
"1634",1,2,97
"1635",1,3,97
"1636",1,4,97
"1637",1,5,97
"1638",1,6,97
"1639",1,7,97
"1640",1,8,97
"1641",1,9,97
"1642",1.02040774678068,10,97
"1643",1.02040774678068,11,97
"1644",1.02040774678068,12,97
"1645",1.02040774678068,13,97
"1646",1.03383398784041,14,97
"1647",1.03383398784041,15,97
"1648",1.11514585978435,16,97
"1649",1.61875199636218,17,97
"1650",1,1,98
"1651",1,2,98
"1652",1,3,98
"1653",1,4,98
"1654",1,5,98
"1655",1,6,98
"1656",1,7,98
"1657",1,8,98
"1658",1,9,98
"1659",1,10,98
"1660",1,11,98
"1661",1,12,98
"1662",1,13,98
"1663",1,14,98
"1664",1,15,98
"1665",1.07499812504687,16,98
"1666",1.51763139320535,17,98
"1667",1,1,99
"1668",1,2,99
"1669",1,3,99
"1670",1,4,99
"1671",1,5,99
"1672",1,6,99
"1673",1,7,99
"1674",1,8,99
"1675",1,9,99
"1676",1,10,99
"1677",1,11,99
"1678",1,12,99
"1679",1,13,99
"1680",1,14,99
"1681",1.0078739537484,15,99
"1682",1.02326122489516,16,99
"1683",1.66128718834786,17,99
"1684",1,1,100
"1685",1,2,100
"1686",1,3,100
"1687",1,4,100
"1688",1,5,100
"1689",1,6,100
"1690",1.01020397751043,7,100
"1691",1.01020397751043,8,100
"1692",1.01020397751043,9,100
"1693",1.01726829158873,10,100
"1694",1.02374766618882,11,100
"1695",1.02374766618882,12,100
"1696",1.03469678053782,13,100
"1697",1.0559212210389,14,100
"1698",1.07683044863756,15,100
"1699",1.16384661107209,16,100
"1700",1.91747881305974,17,100
"1701",1,1,101
"1702",1,2,101
"1703",1,3,101
"1704",1,4,101
"1705",1,5,101
"1706",1,6,101
"1707",1,7,101
"1708",1,8,101
"1709",1,9,101
"1710",1,10,101
"1711",1,11,101
"1712",1,12,101
"1713",1,13,101
"1714",1.07692011845698,14,101
"1715",1.20614536366201,15,101
"1716",1.30665328947027,16,101
"1717",1.55552777915558,17,101
"1718",1,1,102
"1719",1,2,102
"1720",1,3,102
"1721",1,4,102
"1722",1,5,102
"1723",1,6,102
"1724",1,7,102
"1725",1,8,102
"1726",1,9,102
"1727",1,10,102
"1728",1.02173865785526,11,102
"1729",1.02173865785526,12,102
"1730",1.02173865785526,13,102
"1731",1.02173865785526,14,102
"1732",1.02173865785526,15,102
"1733",1.05523773681644,16,102
"1734",1.28973066920282,17,102
"1735",1,1,103
"1736",1,2,103
"1737",1,3,103
"1738",1,4,103
"1739",1,5,103
"1740",1,6,103
"1741",1,7,103
"1742",1,8,103
"1743",1,9,103
"1744",1.01086944707123,10,103
"1745",1.01086944707123,11,103
"1746",1.01086944707123,12,103
"1747",1.01086944707123,13,103
"1748",1.01086944707123,14,103
"1749",1.01086944707123,15,103
"1750",1.02892057975028,16,103
"1751",1.29891910068815,17,103
"1752",1,1,104
"1753",1,2,104
"1754",1,3,104
"1755",1,4,104
"1756",1,5,104
"1757",1,6,104
"1758",1,7,104
"1759",1,8,104
"1760",1,9,104
"1761",1.02325527313318,10,104
"1762",1.02325527313318,11,104
"1763",1.04371996930192,12,104
"1764",1.04371996930192,13,104
"1765",1.04371996930192,14,104
"1766",1.09678957673071,15,104
"1767",1.71204677203829,16,104
"1768",1000,17,104
"1769",1,1,105
"1770",1,2,105
"1771",1,3,105
"1772",1,4,105
"1773",1,5,105
"1774",1,6,105
"1775",1.00934570704947,7,105
"1776",1.00934570704947,8,105
"1777",1.00934570704947,9,105
"1778",1.00934570704947,10,105
"1779",1.00934570704947,11,105
"1780",1.01524827900548,12,105
"1781",1.01524827900548,13,105
"1782",1.01524827900548,14,105
"1783",1.01524827900548,15,105
"1784",1.04025427106969,16,105
"1785",1.21263827950976,17,105
"1786",1,1,106
"1787",1,2,106
"1788",1,3,106
"1789",1,4,106
"1790",1,5,106
"1791",1,6,106
"1792",1,7,106
"1793",1,8,106
"1794",1,9,106
"1795",1.03571301024963,10,106
"1796",1.03571301024963,11,106
"1797",1.03571301024963,12,106
"1798",1.09325102365202,13,106
"1799",1.2450872259314,14,106
"1800",1.34884161269272,15,106
"1801",1.61860094325358,16,106
"1802",2.98156158174931,17,106
"1803",1,1,107
"1804",1,2,107
"1805",1,3,107
"1806",1,4,107
"1807",1,5,107
"1808",1,6,107
"1809",1,7,107
"1810",1,8,107
"1811",1,9,107
"1812",1,10,107
"1813",1,11,107
"1814",1,12,107
"1815",1.03225702396697,13,107
"1816",1.06451404793394,14,107
"1817",1.20186626856346,15,107
"1818",1.38396170030241,16,107
"1819",2.6864372726122,17,107
"1820",1,1,108
"1821",1,2,108
"1822",1,3,108
"1823",1,4,108
"1824",1,5,108
"1825",1,6,108
"1826",1,7,108
"1827",1,8,108
"1828",1,9,108
"1829",1,10,108
"1830",1,11,108
"1831",1,12,108
"1832",1,13,108
"1833",1.08332986125578,14,108
"1834",1.12846672477213,15,108
"1835",1.28966858060358,16,108
"1836",9.02510158655641,17,108
"1837",1,1,109
"1838",1,2,109
"1839",1.0208328993146,3,109
"1840",1.03606898384042,4,109
"1841",1.07221050488693,5,109
"1842",1.08315131676525,6,109
"1843",1.10105449635493,7,109
"1844",1.10105449635493,8,109
"1845",1.10839481072853,9,109
"1846",1.10839481072853,10,109
"1847",1.11495332109669,11,109
"1848",1.13353577321245,12,109
"1849",1.13943957461563,13,109
"1850",1.15627850015712,14,109
"1851",1.17799254845092,15,109
"1852",1.27427032271002,16,109
"1853",2.31491574754466,17,109
"1854",1,1,110
"1855",1,2,110
"1856",1,3,110
"1857",1,4,110
"1858",1,5,110
"1859",1,6,110
"1860",1,7,110
"1861",1,8,110
"1862",1,9,110
"1863",1,10,110
"1864",1,11,110
"1865",1,12,110
"1866",1,13,110
"1867",1,14,110
"1868",1,15,110
"1869",1,16,110
"1870",1.10526131120507,17,110
"1871",1,1,111
"1872",1,2,111
"1873",1,3,111
"1874",1,4,111
"1875",1,5,111
"1876",1,6,111
"1877",1,7,111
"1878",1,8,111
"1879",1,9,111
"1880",1,10,111
"1881",1,11,111
"1882",1.02739688497418,12,111
"1883",1.02739688497418,13,111
"1884",1.03881227908062,14,111
"1885",1.06068178106651,15,111
"1886",1.446379237851,16,111
"1887",3.75147411396115,17,111
"1888",1,1,112
"1889",1,2,112
"1890",1,3,112
"1891",1,4,112
"1892",1,5,112
"1893",1,6,112
"1894",1,7,112
"1895",1,8,112
"1896",1,9,112
"1897",1,10,112
"1898",1,11,112
"1899",1.01515128558658,12,112
"1900",1.01515128558658,13,112
"1901",1.04222162559769,14,112
"1902",1.0692919656088,15,112
"1903",1.0967093568117,16,112
"1904",2.27775068872861,17,112
"1905",1,1,113
"1906",1,2,113
"1907",1,3,113
"1908",1,4,113
"1909",1,5,113
"1910",1,6,113
"1911",1,7,113
"1912",1,8,113
"1913",1,9,113
"1914",1,10,113
"1915",1.0208328993146,11,113
"1916",1.0208328993146,12,113
"1917",1.03359315105288,13,113
"1918",1.05606232314999,14,113
"1919",1.06584058745449,15,113
"1920",1.09121754289423,16,113
"1921",1.65864499092475,17,113
"1922",1,1,114
"1923",1,2,114
"1924",1,3,114
"1925",1,4,114
"1926",1,5,114
"1927",1.03703566534573,6,114
"1928",1.03703566534573,7,114
"1929",1.03703566534573,8,114
"1930",1.03703566534573,9,114
"1931",1.03703566534573,10,114
"1932",1.05323909443818,11,114
"1933",1.05323909443818,12,114
"1934",1.08209456475881,13,114
"1935",1.08209456475881,14,114
"1936",1.10848679326233,15,114
"1937",1.4839359418004,16,114
"1938",3.68007329017106,17,114
"1939",1,1,115
"1940",1,2,115
"1941",1,3,115
"1942",1.02631509697113,4,115
"1943",1.04963990997473,5,115
"1944",1.04963990997473,6,115
"1945",1.04963990997473,7,115
"1946",1.04963990997473,8,115
"1947",1.04963990997473,9,115
"1948",1.04963990997473,10,115
"1949",1.04963990997473,11,115
"1950",1.04963990997473,12,115
"1951",1.04963990997473,13,115
"1952",1.04963990997473,14,115
"1953",1.05654539026745,15,115
"1954",1.05654539026745,16,115
"1955",1.59791128143019,17,115
"1956",1,1,116
"1957",1,2,116
"1958",1,3,116
"1959",1,4,116
"1960",1,5,116
"1961",1,6,116
"1962",1,7,116
"1963",1,8,116
"1964",1,9,116
"1965",1,10,116
"1966",1.01724108205031,11,116
"1967",1.05293312541973,12,116
"1968",1.07108683182859,13,116
"1969",1.22409650405995,14,116
"1970",1.99718974101263,15,116
"1971",87.7905552390578,16,116
"1972",701.710521945756,17,116
"1973",1,1,117
"1974",1,2,117
"1975",1,3,117
"1976",1,4,117
"1977",1,5,117
"1978",1,6,117
"1979",1,7,117
"1980",1,8,117
"1981",1,9,117
"1982",1,10,117
"1983",1,11,117
"1984",1,12,117
"1985",1,13,117
"1986",1.14283673760891,14,117
"1987",1.14283673760891,15,117
"1988",1.30607580882858,16,117
"1989",2.28538783744287,17,117
"1990",1,1,118
"1991",1,2,118
"1992",1,3,118
"1993",1,4,118
"1994",1,5,118
"1995",1,6,118
"1996",1,7,118
"1997",1,8,118
"1998",1,9,118
"1999",1,10,118
"2000",1,11,118
"2001",1,12,118
"2002",1,13,118
"2003",1,14,118
"2004",1.01408430867171,15,118
"2005",1.07203115564085,16,118
"2006",1.77858108663298,17,118
"2007",1,1,119
"2008",1,2,119
"2009",1,3,119
"2010",1,4,119
"2011",1,5,119
"2012",1,6,119
"2013",1,7,119
"2014",1,8,119
"2015",1,9,119
"2016",1,10,119
"2017",1.01724108205031,11,119
"2018",1.01724108205031,12,119
"2019",1.01724108205031,13,119
"2020",1.03198349276972,14,119
"2021",1.03198349276972,15,119
"2022",1.04612005929306,16,119
"2023",1.65634404754758,17,119
"2024",1,1,120
"2025",1,2,120
"2026",1,3,120
"2027",1,4,120
"2028",1,5,120
"2029",1,6,120
"2030",1,7,120
"2031",1,8,120
"2032",1,9,120
"2033",1,10,120
"2034",1,11,120
"2035",1,12,120
"2036",1,13,120
"2037",1,14,120
"2038",1,15,120
"2039",1.02040807996702,16,120
"2040",1.15854132165146,17,120
"2041",1,1,121
"2042",1,2,121
"2043",1,3,121
"2044",1,4,121
"2045",1,5,121
"2046",1.02127614306079,6,121
"2047",1.02127614306079,7,121
"2048",1.02127614306079,8,121
"2049",1.03546033693394,9,121
"2050",1.03546033693394,10,121
"2051",1.03546033693394,11,121
"2052",1.04591942660913,12,121
"2053",1.06426872927506,13,121
"2054",1.11535321960434,14,121
"2055",1.1317553522299,15,121
"2056",1.20348582011441,16,121
"2057",2.91466548340735,17,121
"2058",1,1,122
"2059",1.11109876680369,2,122
"2060",1.26981582512862,3,122
"2061",1.44296465815375,4,122
"2062",1.58725631424725,5,122
"2063",1.58725631424725,6,122
"2064",1.58725631424725,7,122
"2065",1.58725631424725,8,122
"2066",1.58725631424725,9,122
"2067",1.58725631424725,10,122
"2068",1.58725631424725,11,122
"2069",1.58725631424725,12,122
"2070",1.58725631424725,13,122
"2071",1.58725631424725,14,122
"2072",1.62795415056548,15,122
"2073",1.71594929397055,16,122
"2074",2.26748472648136,17,122
"2075",1,1,123
"2076",1,2,123
"2077",1,3,123
"2078",1,4,123
"2079",1,5,123
"2080",1,6,123
"2081",1,7,123
"2082",1,8,123
"2083",1,9,123
"2084",1,10,123
"2085",1,11,123
"2086",1.00462960819626,12,123
"2087",1.00462960819626,13,123
"2088",1.01718742597447,14,123
"2089",1.02123994937467,15,123
"2090",1.07006397554388,16,123
"2091",1.74978587370761,17,123
"2092",1,1,124
"2093",1,2,124
"2094",1,3,124
"2095",1,4,124
"2096",1,5,124
"2097",1.00505047954303,6,124
"2098",1.00505047954303,7,124
"2099",1.00505047954303,8,124
"2100",1.00834571621289,9,124
"2101",1.01726910330803,10,124
"2102",1.01726910330803,11,124
"2103",1.02478585156708,12,124
"2104",1.02960836187443,13,124
"2105",1.03865984406348,14,124
"2106",1.0653491190945,15,124
"2107",1.10404761551781,16,124
"2108",1.5578967698585,17,124
"2109",1,1,125
"2110",1,2,125
"2111",1,3,125
"2112",1,4,125
"2113",1,5,125
"2114",1,6,125
"2115",1.01351333090093,7,125
"2116",1.01351333090093,8,125
"2117",1.01351333090093,9,125
"2118",1.03419706537101,10,125
"2119",1.05187549658734,11,125
"2120",1.06757501370419,12,125
"2121",1.07455258256782,13,125
"2122",1.0881544279051,14,125
"2123",1.12173923379843,15,125
"2124",1.20802631404523,16,125
"2125",1.56276138455795,17,125
"2126",1,1,126
"2127",1,2,126
"2128",1,3,126
"2129",1,4,126
"2130",1,5,126
"2131",1,6,126
"2132",1,7,126
"2133",1,8,126
"2134",1,9,126
"2135",1,10,126
"2136",1,11,126
"2137",1,12,126
"2138",1.09090082719753,13,126
"2139",1.09090082719753,14,126
"2140",1.1999800019998,15,126
"2141",1.64991626071739,16,126
"2142",2.96958533547634,17,126
"2143",1,1,127
"2144",1,2,127
"2145",1,3,127
"2146",1,4,127
"2147",1,5,127
"2148",1,6,127
"2149",1,7,127
"2150",1.05555246930726,8,127
"2151",1.05555246930726,9,127
"2152",1.05555246930726,10,127
"2153",1.05555246930726,11,127
"2154",1.08129702356953,12,127
"2155",1.08129702356953,13,127
"2156",1.08129702356953,14,127
"2157",1.08129702356953,15,127
"2158",1.18526589181913,16,127
"2159",2.80146409892672,17,127
"2160",1,1,128
"2161",1,2,128
"2162",1,3,128
"2163",1,4,128
"2164",1,5,128
"2165",1,6,128
"2166",1,7,128
"2167",1,8,128
"2168",1,9,128
"2169",1,10,128
"2170",1,11,128
"2171",1,12,128
"2172",1,13,128
"2173",1,14,128
"2174",1,15,128
"2175",1,16,128
"2176",1.10465055435724,17,128
"2177",1,1,129
"2178",1,2,129
"2179",1,3,129
"2180",1,4,129
"2181",1,5,129
"2182",1,6,129
"2183",1,7,129
"2184",1,8,129
"2185",1,9,129
"2186",1,10,129
"2187",1,11,129
"2188",1.00416664930563,12,129
"2189",1.00810454229156,13,129
"2190",1.00810454229156,14,129
"2191",1.02940245058677,15,129
"2192",1.04638923364338,16,129
"2193",1.24477455903552,17,129
"2194",1,1,130
"2195",1,2,130
"2196",1,3,130
"2197",1,4,130
"2198",1,5,130
"2199",1,6,130
"2200",1,7,130
"2201",1,8,130
"2202",1,9,130
"2203",1,10,130
"2204",1,11,130
"2205",1,12,130
"2206",1,13,130
"2207",1,14,130
"2208",1,15,130
"2209",1.06666444451852,16,130
"2210",3.73305891636762,17,130
"2211",1,1,131
"2212",1.07691716021844,2,131
"2213",1.11833545798462,3,131
"2214",1.14163362798076,4,131
"2215",1.15842211091455,5,131
"2216",1.17254903754855,6,131
"2217",1.17254903754855,7,131
"2218",1.17254903754855,8,131
"2219",1.18185490843488,9,131
"2220",1.19011957027945,10,131
"2221",1.19011957027945,11,131
"2222",1.19742087254311,12,131
"2223",1.19742087254311,13,131
"2224",1.20418592399787,14,131
"2225",1.21692856476694,15,131
"2226",1.25254581243208,16,131
"2227",1.56031245339173,17,131
"2228",1,1,132
"2229",1,2,132
"2230",1,3,132
"2231",1,4,132
"2232",1,5,132
"2233",1,6,132
"2234",1,7,132
"2235",1,8,132
"2236",1.02941089967942,9,132
"2237",1.02941089967942,10,132
"2238",1.02941089967942,11,132
"2239",1.02941089967942,12,132
"2240",1.05392009945275,13,132
"2241",1.05392009945275,14,132
"2242",1.07542823396944,15,132
"2243",1.14407112884207,16,132
"2244",2.01195723051186,17,132
"2245",1,1,133
"2246",1,2,133
"2247",1,3,133
"2248",1,4,133
"2249",1,5,133
"2250",1,6,133
"2251",1,7,133
"2252",1,8,133
"2253",1,9,133
"2254",1,10,133
"2255",1,11,133
"2256",1,12,133
"2257",1.01785682398529,13,133
"2258",1.03510834216269,14,133
"2259",1.05103284089599,15,133
"2260",1.08149711941067,16,133
"2261",1.62223441375571,17,133
"2262",1,1,134
"2263",1,2,134
"2264",1,3,134
"2265",1,4,134
"2266",1,5,134
"2267",1,6,134
"2268",1,7,134
"2269",1,8,134
"2270",1,9,134
"2271",1,10,134
"2272",1,11,134
"2273",1,12,134
"2274",1,13,134
"2275",1.00363635041327,14,134
"2276",1.01416396762873,15,134
"2277",1.03437979350896,16,134
"2278",1.3578881918558,17,134
"2279",1,1,135
"2280",1.05882006940768,2,135
"2281",1.08996092024759,3,135
"2282",1.11315108471744,4,135
"2283",1.13110484489417,5,135
"2284",1.13110484489417,6,135
"2285",1.13110484489417,7,135
"2286",1.13110484489417,8,135
"2287",1.14208633871359,9,135
"2288",1.14208633871359,10,135
"2289",1.14208633871359,11,135
"2290",1.15939054608647,12,135
"2291",1.1676131157568,13,135
"2292",1.20004658818427,14,135
"2293",1.22342396732176,15,135
"2294",1.27017872559674,16,135
"2295",1.81307331883895,17,135
"2296",1,1,136
"2297",1,2,136
"2298",1,3,136
"2299",1,4,136
"2300",1,5,136
"2301",1,6,136
"2302",1,7,136
"2303",1,8,136
"2304",1,9,136
"2305",1,10,136
"2306",1,11,136
"2307",1,12,136
"2308",1,13,136
"2309",1,14,136
"2310",1.039998400064,15,136
"2311",1.07999680012799,16,136
"2312",1.29598752052478,17,136
"2313",1,1,137
"2314",1,2,137
"2315",1,3,137
"2316",1,4,137
"2317",1,5,137
"2318",1,6,137
"2319",1,7,137
"2320",1,8,137
"2321",1.02197778046395,9,137
"2322",1.04182181655028,10,137
"2323",1.04182181655028,11,137
"2324",1.06744017582316,12,137
"2325",1.08425012497038,13,137
"2326",1.10852420034975,14,137
"2327",1.14136911854591,15,137
"2328",1.23368505963461,16,137
"2329",1.87041888897474,17,137
"2330",1,1,138
"2331",1,2,138
"2332",1,3,138
"2333",1,4,138
"2334",1,5,138
"2335",1,6,138
"2336",1,7,138
"2337",1,8,138
"2338",1,9,138
"2339",1,10,138
"2340",1,11,138
"2341",1,12,138
"2342",1,13,138
"2343",1,14,138
"2344",1.02380924036619,15,138
"2345",1.09607727770924,16,138
"2346",2.32261074244423,17,138
"2347",1,1,139
"2348",1,2,139
"2349",1,3,139
"2350",1,4,139
"2351",1,5,139
"2352",1,6,139
"2353",1,7,139
"2354",1,8,139
"2355",1,9,139
"2356",1,10,139
"2357",1,11,139
"2358",1,12,139
"2359",1,13,139
"2360",1,14,139
"2361",1,15,139
"2362",1.02499968750391,16,139
"2363",1.40523537422815,17,139
