"new_facility","New_VISN","covariate1"
1,116,16822
1,116,16822
1,116,16822
1,116,16822
1,116,16822
1,116,16822
1,116,16822
1,116,16822
1,116,16822
1,116,16822
1,116,16822
1,116,16822
1,116,16822
1,116,16822
1,116,16822
1,116,16822
1,116,16822
2,113,36085
2,113,36085
2,113,36085
2,113,36085
2,113,36085
2,113,36085
2,113,36085
2,113,36085
2,113,36085
2,113,36085
2,113,36085
2,113,36085
2,113,36085
2,113,36085
2,113,36085
2,113,36085
2,113,36085
3,107,91132
3,107,91132
3,107,91132
3,107,91132
3,107,91132
3,107,91132
3,107,91132
3,107,91132
3,107,91132
3,107,91132
3,107,91132
3,107,91132
3,107,91132
3,107,91132
3,107,91132
3,107,91132
3,107,91132
4,110,17743
4,110,17743
4,110,17743
4,110,17743
4,110,17743
4,110,17743
4,110,17743
4,110,17743
4,110,17743
4,110,17743
4,110,17743
4,110,17743
4,110,17743
4,110,17743
4,110,17743
4,110,17743
4,110,17743
5,105,26996
5,105,26996
5,105,26996
5,105,26996
5,105,26996
5,105,26996
5,105,26996
5,105,26996
5,105,26996
5,105,26996
5,105,26996
5,105,26996
5,105,26996
5,105,26996
5,105,26996
5,105,26996
5,105,26996
6,112,36381
6,112,36381
6,112,36381
6,112,36381
6,112,36381
6,112,36381
6,112,36381
6,112,36381
6,112,36381
6,112,36381
6,112,36381
6,112,36381
6,112,36381
6,112,36381
6,112,36381
6,112,36381
6,112,36381
7,102,47857
7,102,47857
7,102,47857
7,102,47857
7,102,47857
7,102,47857
7,102,47857
7,102,47857
7,102,47857
7,102,47857
7,102,47857
7,102,47857
7,102,47857
7,102,47857
7,102,47857
7,102,47857
7,102,47857
8,115,24134
8,115,24134
8,115,24134
8,115,24134
8,115,24134
8,115,24134
8,115,24134
8,115,24134
8,115,24134
8,115,24134
8,115,24134
8,115,24134
8,115,24134
8,115,24134
8,115,24134
8,115,24134
8,115,24134
9,105,40437
9,105,40437
9,105,40437
9,105,40437
9,105,40437
9,105,40437
9,105,40437
9,105,40437
9,105,40437
9,105,40437
9,105,40437
9,105,40437
9,105,40437
9,105,40437
9,105,40437
9,105,40437
9,105,40437
10,116,44601
10,116,44601
10,116,44601
10,116,44601
10,116,44601
10,116,44601
10,116,44601
10,116,44601
10,116,44601
10,116,44601
10,116,44601
10,116,44601
10,116,44601
10,116,44601
10,116,44601
10,116,44601
10,116,44601
11,103,44874
11,103,44874
11,103,44874
11,103,44874
11,103,44874
11,103,44874
11,103,44874
11,103,44874
11,103,44874
11,103,44874
11,103,44874
11,103,44874
11,103,44874
11,103,44874
11,103,44874
11,103,44874
11,103,44874
12,101,80686
12,101,80686
12,101,80686
12,101,80686
12,101,80686
12,101,80686
12,101,80686
12,101,80686
12,101,80686
12,101,80686
12,101,80686
12,101,80686
12,101,80686
12,101,80686
12,101,80686
12,101,80686
12,101,80686
13,115,53767
13,115,53767
13,115,53767
13,115,53767
13,115,53767
13,115,53767
13,115,53767
13,115,53767
13,115,53767
13,115,53767
13,115,53767
13,115,53767
13,115,53767
13,115,53767
13,115,53767
13,115,53767
13,115,53767
14,103,48507
14,103,48507
14,103,48507
14,103,48507
14,103,48507
14,103,48507
14,103,48507
14,103,48507
14,103,48507
14,103,48507
14,103,48507
14,103,48507
14,103,48507
14,103,48507
14,103,48507
14,103,48507
14,103,48507
15,119,14096
15,119,14096
15,119,14096
15,119,14096
15,119,14096
15,119,14096
15,119,14096
15,119,14096
15,119,14096
15,119,14096
15,119,14096
15,119,14096
15,119,14096
15,119,14096
15,119,14096
15,119,14096
15,119,14096
16,106,24347
16,106,24347
16,106,24347
16,106,24347
16,106,24347
16,106,24347
16,106,24347
16,106,24347
16,106,24347
16,106,24347
16,106,24347
16,106,24347
16,106,24347
16,106,24347
16,106,24347
16,106,24347
16,106,24347
17,117,11208
17,117,11208
17,117,11208
17,117,11208
17,117,11208
17,117,11208
17,117,11208
17,117,11208
17,117,11208
17,117,11208
17,117,11208
17,117,11208
17,117,11208
17,117,11208
17,117,11208
17,117,11208
17,117,11208
18,118,56830
18,118,56830
18,118,56830
18,118,56830
18,118,56830
18,118,56830
18,118,56830
18,118,56830
18,118,56830
18,118,56830
18,118,56830
18,118,56830
18,118,56830
18,118,56830
18,118,56830
18,118,56830
18,118,56830
19,119,52704
19,119,52704
19,119,52704
19,119,52704
19,119,52704
19,119,52704
19,119,52704
19,119,52704
19,119,52704
19,119,52704
19,119,52704
19,119,52704
19,119,52704
19,119,52704
19,119,52704
19,119,52704
19,119,52704
20,121,38038
20,121,38038
20,121,38038
20,121,38038
20,121,38038
20,121,38038
20,121,38038
20,121,38038
20,121,38038
20,121,38038
20,121,38038
20,121,38038
20,121,38038
20,121,38038
20,121,38038
20,121,38038
20,121,38038
21,103,35196
21,103,35196
21,103,35196
21,103,35196
21,103,35196
21,103,35196
21,103,35196
21,103,35196
21,103,35196
21,103,35196
21,103,35196
21,103,35196
21,103,35196
21,103,35196
21,103,35196
21,103,35196
21,103,35196
22,114,52921
22,114,52921
22,114,52921
22,114,52921
22,114,52921
22,114,52921
22,114,52921
22,114,52921
22,114,52921
22,114,52921
22,114,52921
22,114,52921
22,114,52921
22,114,52921
22,114,52921
22,114,52921
22,114,52921
23,107,52274
23,107,52274
23,107,52274
23,107,52274
23,107,52274
23,107,52274
23,107,52274
23,107,52274
23,107,52274
23,107,52274
23,107,52274
23,107,52274
23,107,52274
23,107,52274
23,107,52274
23,107,52274
23,107,52274
24,104,15329
24,104,15329
24,104,15329
24,104,15329
24,104,15329
24,104,15329
24,104,15329
24,104,15329
24,104,15329
24,104,15329
24,104,15329
24,104,15329
24,104,15329
24,104,15329
24,104,15329
24,104,15329
24,104,15329
25,112,34320
25,112,34320
25,112,34320
25,112,34320
25,112,34320
25,112,34320
25,112,34320
25,112,34320
25,112,34320
25,112,34320
25,112,34320
25,112,34320
25,112,34320
25,112,34320
25,112,34320
25,112,34320
25,112,34320
26,111,36220
26,111,36220
26,111,36220
26,111,36220
26,111,36220
26,111,36220
26,111,36220
26,111,36220
26,111,36220
26,111,36220
26,111,36220
26,111,36220
26,111,36220
26,111,36220
26,111,36220
26,111,36220
26,111,36220
27,105,42122
27,105,42122
27,105,42122
27,105,42122
27,105,42122
27,105,42122
27,105,42122
27,105,42122
27,105,42122
27,105,42122
27,105,42122
27,105,42122
27,105,42122
27,105,42122
27,105,42122
27,105,42122
27,105,42122
28,120,109840
28,120,109840
28,120,109840
28,120,109840
28,120,109840
28,120,109840
28,120,109840
28,120,109840
28,120,109840
28,120,109840
28,120,109840
28,120,109840
28,120,109840
28,120,109840
28,120,109840
28,120,109840
28,120,109840
29,121,33449
29,121,33449
29,121,33449
29,121,33449
29,121,33449
29,121,33449
29,121,33449
29,121,33449
29,121,33449
29,121,33449
29,121,33449
29,121,33449
29,121,33449
29,121,33449
29,121,33449
29,121,33449
29,121,33449
30,113,40125
30,113,40125
30,113,40125
30,113,40125
30,113,40125
30,113,40125
30,113,40125
30,113,40125
30,113,40125
30,113,40125
30,113,40125
30,113,40125
30,113,40125
30,113,40125
30,113,40125
30,113,40125
30,113,40125
31,108,31912
31,108,31912
31,108,31912
31,108,31912
31,108,31912
31,108,31912
31,108,31912
31,108,31912
31,108,31912
31,108,31912
31,108,31912
31,108,31912
31,108,31912
31,108,31912
31,108,31912
31,108,31912
31,108,31912
32,110,33742
32,110,33742
32,110,33742
32,110,33742
32,110,33742
32,110,33742
32,110,33742
32,110,33742
32,110,33742
32,110,33742
32,110,33742
32,110,33742
32,110,33742
32,110,33742
32,110,33742
32,110,33742
32,110,33742
33,107,70084
33,107,70084
33,107,70084
33,107,70084
33,107,70084
33,107,70084
33,107,70084
33,107,70084
33,107,70084
33,107,70084
33,107,70084
33,107,70084
33,107,70084
33,107,70084
33,107,70084
33,107,70084
33,107,70084
34,116,24202
34,116,24202
34,116,24202
34,116,24202
34,116,24202
34,116,24202
34,116,24202
34,116,24202
34,116,24202
34,116,24202
34,116,24202
34,116,24202
34,116,24202
34,116,24202
34,116,24202
34,116,24202
34,116,24202
35,101,60587
35,101,60587
35,101,60587
35,101,60587
35,101,60587
35,101,60587
35,101,60587
35,101,60587
35,101,60587
35,101,60587
35,101,60587
35,101,60587
35,101,60587
35,101,60587
35,101,60587
35,101,60587
35,101,60587
36,106,22100
36,106,22100
36,106,22100
36,106,22100
36,106,22100
36,106,22100
36,106,22100
36,106,22100
36,106,22100
36,106,22100
36,106,22100
36,106,22100
36,106,22100
36,106,22100
36,106,22100
36,106,22100
36,106,22100
37,101,39521
37,101,39521
37,101,39521
37,101,39521
37,101,39521
37,101,39521
37,101,39521
37,101,39521
37,101,39521
37,101,39521
37,101,39521
37,101,39521
37,101,39521
37,101,39521
37,101,39521
37,101,39521
37,101,39521
38,103,30006
38,103,30006
38,103,30006
38,103,30006
38,103,30006
38,103,30006
38,103,30006
38,103,30006
38,103,30006
38,103,30006
38,103,30006
38,103,30006
38,103,30006
38,103,30006
38,103,30006
38,103,30006
38,103,30006
39,118,53018
39,118,53018
39,118,53018
39,118,53018
39,118,53018
39,118,53018
39,118,53018
39,118,53018
39,118,53018
39,118,53018
39,118,53018
39,118,53018
39,118,53018
39,118,53018
39,118,53018
39,118,53018
39,118,53018
40,118,30883
40,118,30883
40,118,30883
40,118,30883
40,118,30883
40,118,30883
40,118,30883
40,118,30883
40,118,30883
40,118,30883
40,118,30883
40,118,30883
40,118,30883
40,118,30883
40,118,30883
40,118,30883
40,118,30883
41,108,76553
41,108,76553
41,108,76553
41,108,76553
41,108,76553
41,108,76553
41,108,76553
41,108,76553
41,108,76553
41,108,76553
41,108,76553
41,108,76553
41,108,76553
41,108,76553
41,108,76553
41,108,76553
41,108,76553
42,111,45131
42,111,45131
42,111,45131
42,111,45131
42,111,45131
42,111,45131
42,111,45131
42,111,45131
42,111,45131
42,111,45131
42,111,45131
42,111,45131
42,111,45131
42,111,45131
42,111,45131
42,111,45131
42,111,45131
43,117,42707
43,117,42707
43,117,42707
43,117,42707
43,117,42707
43,117,42707
43,117,42707
43,117,42707
43,117,42707
43,117,42707
43,117,42707
43,117,42707
43,117,42707
43,117,42707
43,117,42707
43,117,42707
43,117,42707
44,119,73285
44,119,73285
44,119,73285
44,119,73285
44,119,73285
44,119,73285
44,119,73285
44,119,73285
44,119,73285
44,119,73285
44,119,73285
44,119,73285
44,119,73285
44,119,73285
44,119,73285
44,119,73285
44,119,73285
45,113,18023
45,113,18023
45,113,18023
45,113,18023
45,113,18023
45,113,18023
45,113,18023
45,113,18023
45,113,18023
45,113,18023
45,113,18023
45,113,18023
45,113,18023
45,113,18023
45,113,18023
45,113,18023
45,113,18023
46,119,41957
46,119,41957
46,119,41957
46,119,41957
46,119,41957
46,119,41957
46,119,41957
46,119,41957
46,119,41957
46,119,41957
46,119,41957
46,119,41957
46,119,41957
46,119,41957
46,119,41957
46,119,41957
46,119,41957
47,107,75090
47,107,75090
47,107,75090
47,107,75090
47,107,75090
47,107,75090
47,107,75090
47,107,75090
47,107,75090
47,107,75090
47,107,75090
47,107,75090
47,107,75090
47,107,75090
47,107,75090
47,107,75090
47,107,75090
48,104,16302
48,104,16302
48,104,16302
48,104,16302
48,104,16302
48,104,16302
48,104,16302
48,104,16302
48,104,16302
48,104,16302
48,104,16302
48,104,16302
48,104,16302
48,104,16302
48,104,16302
48,104,16302
48,104,16302
49,106,16846
49,106,16846
49,106,16846
49,106,16846
49,106,16846
49,106,16846
49,106,16846
49,106,16846
49,106,16846
49,106,16846
49,106,16846
49,106,16846
49,106,16846
49,106,16846
49,106,16846
49,106,16846
49,106,16846
50,121,45224
50,121,45224
50,121,45224
50,121,45224
50,121,45224
50,121,45224
50,121,45224
50,121,45224
50,121,45224
50,121,45224
50,121,45224
50,121,45224
50,121,45224
50,121,45224
50,121,45224
50,121,45224
50,121,45224
51,115,17942
51,115,17942
51,115,17942
51,115,17942
51,115,17942
51,115,17942
51,115,17942
51,115,17942
51,115,17942
51,115,17942
51,115,17942
51,115,17942
51,115,17942
51,115,17942
51,115,17942
51,115,17942
51,115,17942
52,109,33039
52,109,33039
52,109,33039
52,109,33039
52,109,33039
52,109,33039
52,109,33039
52,109,33039
52,109,33039
52,109,33039
52,109,33039
52,109,33039
52,109,33039
52,109,33039
52,109,33039
52,109,33039
52,109,33039
53,105,35401
53,105,35401
53,105,35401
53,105,35401
53,105,35401
53,105,35401
53,105,35401
53,105,35401
53,105,35401
53,105,35401
53,105,35401
53,105,35401
53,105,35401
53,105,35401
53,105,35401
53,105,35401
53,105,35401
54,107,60521
54,107,60521
54,107,60521
54,107,60521
54,107,60521
54,107,60521
54,107,60521
54,107,60521
54,107,60521
54,107,60521
54,107,60521
54,107,60521
54,107,60521
54,107,60521
54,107,60521
54,107,60521
54,107,60521
55,110,11203
55,110,11203
55,110,11203
55,110,11203
55,110,11203
55,110,11203
55,110,11203
55,110,11203
55,110,11203
55,110,11203
55,110,11203
55,110,11203
55,110,11203
55,110,11203
55,110,11203
55,110,11203
55,110,11203
56,102,68941
56,102,68941
56,102,68941
56,102,68941
56,102,68941
56,102,68941
56,102,68941
56,102,68941
56,102,68941
56,102,68941
56,102,68941
56,102,68941
56,102,68941
56,102,68941
56,102,68941
56,102,68941
56,102,68941
57,116,21566
57,116,21566
57,116,21566
57,116,21566
57,116,21566
57,116,21566
57,116,21566
57,116,21566
57,116,21566
57,116,21566
57,116,21566
57,116,21566
57,116,21566
57,116,21566
57,116,21566
57,116,21566
57,116,21566
58,108,49410
58,108,49410
58,108,49410
58,108,49410
58,108,49410
58,108,49410
58,108,49410
58,108,49410
58,108,49410
58,108,49410
58,108,49410
58,108,49410
58,108,49410
58,108,49410
58,108,49410
58,108,49410
58,108,49410
59,101,23678
59,101,23678
59,101,23678
59,101,23678
59,101,23678
59,101,23678
59,101,23678
59,101,23678
59,101,23678
59,101,23678
59,101,23678
59,101,23678
59,101,23678
59,101,23678
59,101,23678
59,101,23678
59,101,23678
60,117,31864
60,117,31864
60,117,31864
60,117,31864
60,117,31864
60,117,31864
60,117,31864
60,117,31864
60,117,31864
60,117,31864
60,117,31864
60,117,31864
60,117,31864
60,117,31864
60,117,31864
60,117,31864
60,117,31864
61,115,43456
61,115,43456
61,115,43456
61,115,43456
61,115,43456
61,115,43456
61,115,43456
61,115,43456
61,115,43456
61,115,43456
61,115,43456
61,115,43456
61,115,43456
61,115,43456
61,115,43456
61,115,43456
61,115,43456
62,113,32451
62,113,32451
62,113,32451
62,113,32451
62,113,32451
62,113,32451
62,113,32451
62,113,32451
62,113,32451
62,113,32451
62,113,32451
62,113,32451
62,113,32451
62,113,32451
62,113,32451
62,113,32451
62,113,32451
63,106,67205
63,106,67205
63,106,67205
63,106,67205
63,106,67205
63,106,67205
63,106,67205
63,106,67205
63,106,67205
63,106,67205
63,106,67205
63,106,67205
63,106,67205
63,106,67205
63,106,67205
63,106,67205
63,106,67205
64,108,20671
64,108,20671
64,108,20671
64,108,20671
64,108,20671
64,108,20671
64,108,20671
64,108,20671
64,108,20671
64,108,20671
64,108,20671
64,108,20671
64,108,20671
64,108,20671
64,108,20671
64,108,20671
64,108,20671
65,104,23699
65,104,23699
65,104,23699
65,104,23699
65,104,23699
65,104,23699
65,104,23699
65,104,23699
65,104,23699
65,104,23699
65,104,23699
65,104,23699
65,104,23699
65,104,23699
65,104,23699
65,104,23699
65,104,23699
66,112,30599
66,112,30599
66,112,30599
66,112,30599
66,112,30599
66,112,30599
66,112,30599
66,112,30599
66,112,30599
66,112,30599
66,112,30599
66,112,30599
66,112,30599
66,112,30599
66,112,30599
66,112,30599
66,112,30599
67,121,51566
67,121,51566
67,121,51566
67,121,51566
67,121,51566
67,121,51566
67,121,51566
67,121,51566
67,121,51566
67,121,51566
67,121,51566
67,121,51566
67,121,51566
67,121,51566
67,121,51566
67,121,51566
67,121,51566
68,105,31752
68,105,31752
68,105,31752
68,105,31752
68,105,31752
68,105,31752
68,105,31752
68,105,31752
68,105,31752
68,105,31752
68,105,31752
68,105,31752
68,105,31752
68,105,31752
68,105,31752
68,105,31752
68,105,31752
69,116,18491
69,116,18491
69,116,18491
69,116,18491
69,116,18491
69,116,18491
69,116,18491
69,116,18491
69,116,18491
69,116,18491
69,116,18491
69,116,18491
69,116,18491
69,116,18491
69,116,18491
69,116,18491
69,116,18491
70,119,47123
70,119,47123
70,119,47123
70,119,47123
70,119,47123
70,119,47123
70,119,47123
70,119,47123
70,119,47123
70,119,47123
70,119,47123
70,119,47123
70,119,47123
70,119,47123
70,119,47123
70,119,47123
70,119,47123
71,118,23830
71,118,23830
71,118,23830
71,118,23830
71,118,23830
71,118,23830
71,118,23830
71,118,23830
71,118,23830
71,118,23830
71,118,23830
71,118,23830
71,118,23830
71,118,23830
71,118,23830
71,118,23830
71,118,23830
72,116,42484
72,116,42484
72,116,42484
72,116,42484
72,116,42484
72,116,42484
72,116,42484
72,116,42484
72,116,42484
72,116,42484
72,116,42484
72,116,42484
72,116,42484
72,116,42484
72,116,42484
72,116,42484
72,116,42484
73,104,13581
73,104,13581
73,104,13581
73,104,13581
73,104,13581
73,104,13581
73,104,13581
73,104,13581
73,104,13581
73,104,13581
73,104,13581
73,104,13581
73,104,13581
73,104,13581
73,104,13581
73,104,13581
73,104,13581
74,104,24479
74,104,24479
74,104,24479
74,104,24479
74,104,24479
74,104,24479
74,104,24479
74,104,24479
74,104,24479
74,104,24479
74,104,24479
74,104,24479
74,104,24479
74,104,24479
74,104,24479
74,104,24479
74,104,24479
75,118,14103
75,118,14103
75,118,14103
75,118,14103
75,118,14103
75,118,14103
75,118,14103
75,118,14103
75,118,14103
75,118,14103
75,118,14103
75,118,14103
75,118,14103
75,118,14103
75,118,14103
75,118,14103
75,118,14103
76,113,50113
76,113,50113
76,113,50113
76,113,50113
76,113,50113
76,113,50113
76,113,50113
76,113,50113
76,113,50113
76,113,50113
76,113,50113
76,113,50113
76,113,50113
76,113,50113
76,113,50113
76,113,50113
76,113,50113
77,102,83674
77,102,83674
77,102,83674
77,102,83674
77,102,83674
77,102,83674
77,102,83674
77,102,83674
77,102,83674
77,102,83674
77,102,83674
77,102,83674
77,102,83674
77,102,83674
77,102,83674
77,102,83674
77,102,83674
78,114,22668
78,114,22668
78,114,22668
78,114,22668
78,114,22668
78,114,22668
78,114,22668
78,114,22668
78,114,22668
78,114,22668
78,114,22668
78,114,22668
78,114,22668
78,114,22668
78,114,22668
78,114,22668
78,114,22668
79,118,15744
79,118,15744
79,118,15744
79,118,15744
79,118,15744
79,118,15744
79,118,15744
79,118,15744
79,118,15744
79,118,15744
79,118,15744
79,118,15744
79,118,15744
79,118,15744
79,118,15744
79,118,15744
79,118,15744
80,118,21702
80,118,21702
80,118,21702
80,118,21702
80,118,21702
80,118,21702
80,118,21702
80,118,21702
80,118,21702
80,118,21702
80,118,21702
80,118,21702
80,118,21702
80,118,21702
80,118,21702
80,118,21702
80,118,21702
81,121,59234
81,121,59234
81,121,59234
81,121,59234
81,121,59234
81,121,59234
81,121,59234
81,121,59234
81,121,59234
81,121,59234
81,121,59234
81,121,59234
81,121,59234
81,121,59234
81,121,59234
81,121,59234
81,121,59234
82,108,43675
82,108,43675
82,108,43675
82,108,43675
82,108,43675
82,108,43675
82,108,43675
82,108,43675
82,108,43675
82,108,43675
82,108,43675
82,108,43675
82,108,43675
82,108,43675
82,108,43675
82,108,43675
82,108,43675
83,108,27389
83,108,27389
83,108,27389
83,108,27389
83,108,27389
83,108,27389
83,108,27389
83,108,27389
83,108,27389
83,108,27389
83,108,27389
83,108,27389
83,108,27389
83,108,27389
83,108,27389
83,108,27389
83,108,27389
84,117,63773
84,117,63773
84,117,63773
84,117,63773
84,117,63773
84,117,63773
84,117,63773
84,117,63773
84,117,63773
84,117,63773
84,117,63773
84,117,63773
84,117,63773
84,117,63773
84,117,63773
84,117,63773
84,117,63773
85,116,54218
85,116,54218
85,116,54218
85,116,54218
85,116,54218
85,116,54218
85,116,54218
85,116,54218
85,116,54218
85,116,54218
85,116,54218
85,116,54218
85,116,54218
85,116,54218
85,116,54218
85,116,54218
85,116,54218
86,113,28067
86,113,28067
86,113,28067
86,113,28067
86,113,28067
86,113,28067
86,113,28067
86,113,28067
86,113,28067
86,113,28067
86,113,28067
86,113,28067
86,113,28067
86,113,28067
86,113,28067
86,113,28067
86,113,28067
87,101,26288
87,101,26288
87,101,26288
87,101,26288
87,101,26288
87,101,26288
87,101,26288
87,101,26288
87,101,26288
87,101,26288
87,101,26288
87,101,26288
87,101,26288
87,101,26288
87,101,26288
87,101,26288
87,101,26288
88,103,79836
88,103,79836
88,103,79836
88,103,79836
88,103,79836
88,103,79836
88,103,79836
88,103,79836
88,103,79836
88,103,79836
88,103,79836
88,103,79836
88,103,79836
88,103,79836
88,103,79836
88,103,79836
88,103,79836
89,109,55071
89,109,55071
89,109,55071
89,109,55071
89,109,55071
89,109,55071
89,109,55071
89,109,55071
89,109,55071
89,109,55071
89,109,55071
89,109,55071
89,109,55071
89,109,55071
89,109,55071
89,109,55071
89,109,55071
90,107,110172
90,107,110172
90,107,110172
90,107,110172
90,107,110172
90,107,110172
90,107,110172
90,107,110172
90,107,110172
90,107,110172
90,107,110172
90,107,110172
90,107,110172
90,107,110172
90,107,110172
90,107,110172
90,107,110172
91,111,45112
91,111,45112
91,111,45112
91,111,45112
91,111,45112
91,111,45112
91,111,45112
91,111,45112
91,111,45112
91,111,45112
91,111,45112
91,111,45112
91,111,45112
91,111,45112
91,111,45112
91,111,45112
91,111,45112
92,104,25332
92,104,25332
92,104,25332
92,104,25332
92,104,25332
92,104,25332
92,104,25332
92,104,25332
92,104,25332
92,104,25332
92,104,25332
92,104,25332
92,104,25332
92,104,25332
92,104,25332
92,104,25332
92,104,25332
93,113,44005
93,113,44005
93,113,44005
93,113,44005
93,113,44005
93,113,44005
93,113,44005
93,113,44005
93,113,44005
93,113,44005
93,113,44005
93,113,44005
93,113,44005
93,113,44005
93,113,44005
93,113,44005
93,113,44005
94,101,27018
94,101,27018
94,101,27018
94,101,27018
94,101,27018
94,101,27018
94,101,27018
94,101,27018
94,101,27018
94,101,27018
94,101,27018
94,101,27018
94,101,27018
94,101,27018
94,101,27018
94,101,27018
94,101,27018
95,111,13083
95,111,13083
95,111,13083
95,111,13083
95,111,13083
95,111,13083
95,111,13083
95,111,13083
95,111,13083
95,111,13083
95,111,13083
95,111,13083
95,111,13083
95,111,13083
95,111,13083
95,111,13083
95,111,13083
96,110,39886
96,110,39886
96,110,39886
96,110,39886
96,110,39886
96,110,39886
96,110,39886
96,110,39886
96,110,39886
96,110,39886
96,110,39886
96,110,39886
96,110,39886
96,110,39886
96,110,39886
96,110,39886
96,110,39886
97,111,31449
97,111,31449
97,111,31449
97,111,31449
97,111,31449
97,111,31449
97,111,31449
97,111,31449
97,111,31449
97,111,31449
97,111,31449
97,111,31449
97,111,31449
97,111,31449
97,111,31449
97,111,31449
97,111,31449
98,115,41373
98,115,41373
98,115,41373
98,115,41373
98,115,41373
98,115,41373
98,115,41373
98,115,41373
98,115,41373
98,115,41373
98,115,41373
98,115,41373
98,115,41373
98,115,41373
98,115,41373
98,115,41373
98,115,41373
99,114,62537
99,114,62537
99,114,62537
99,114,62537
99,114,62537
99,114,62537
99,114,62537
99,114,62537
99,114,62537
99,114,62537
99,114,62537
99,114,62537
99,114,62537
99,114,62537
99,114,62537
99,114,62537
99,114,62537
100,106,49842
100,106,49842
100,106,49842
100,106,49842
100,106,49842
100,106,49842
100,106,49842
100,106,49842
100,106,49842
100,106,49842
100,106,49842
100,106,49842
100,106,49842
100,106,49842
100,106,49842
100,106,49842
100,106,49842
101,117,11207
101,117,11207
101,117,11207
101,117,11207
101,117,11207
101,117,11207
101,117,11207
101,117,11207
101,117,11207
101,117,11207
101,117,11207
101,117,11207
101,117,11207
101,117,11207
101,117,11207
101,117,11207
101,117,11207
102,121,28647
102,121,28647
102,121,28647
102,121,28647
102,121,28647
102,121,28647
102,121,28647
102,121,28647
102,121,28647
102,121,28647
102,121,28647
102,121,28647
102,121,28647
102,121,28647
102,121,28647
102,121,28647
102,121,28647
103,116,55361
103,116,55361
103,116,55361
103,116,55361
103,116,55361
103,116,55361
103,116,55361
103,116,55361
103,116,55361
103,116,55361
103,116,55361
103,116,55361
103,116,55361
103,116,55361
103,116,55361
103,116,55361
103,116,55361
104,116,20710
104,116,20710
104,116,20710
104,116,20710
104,116,20710
104,116,20710
104,116,20710
104,116,20710
104,116,20710
104,116,20710
104,116,20710
104,116,20710
104,116,20710
104,116,20710
104,116,20710
104,116,20710
104,116,20710
105,119,29023
105,119,29023
105,119,29023
105,119,29023
105,119,29023
105,119,29023
105,119,29023
105,119,29023
105,119,29023
105,119,29023
105,119,29023
105,119,29023
105,119,29023
105,119,29023
105,119,29023
105,119,29023
105,119,29023
106,111,67102
106,111,67102
106,111,67102
106,111,67102
106,111,67102
106,111,67102
106,111,67102
106,111,67102
106,111,67102
106,111,67102
106,111,67102
106,111,67102
106,111,67102
106,111,67102
106,111,67102
106,111,67102
106,111,67102
107,108,32059
107,108,32059
107,108,32059
107,108,32059
107,108,32059
107,108,32059
107,108,32059
107,108,32059
107,108,32059
107,108,32059
107,108,32059
107,108,32059
107,108,32059
107,108,32059
107,108,32059
107,108,32059
107,108,32059
108,116,26045
108,116,26045
108,116,26045
108,116,26045
108,116,26045
108,116,26045
108,116,26045
108,116,26045
108,116,26045
108,116,26045
108,116,26045
108,116,26045
108,116,26045
108,116,26045
108,116,26045
108,116,26045
108,116,26045
109,104,71279
109,104,71279
109,104,71279
109,104,71279
109,104,71279
109,104,71279
109,104,71279
109,104,71279
109,104,71279
109,104,71279
109,104,71279
109,104,71279
109,104,71279
109,104,71279
109,104,71279
109,104,71279
109,104,71279
110,120,94910
110,120,94910
110,120,94910
110,120,94910
110,120,94910
110,120,94910
110,120,94910
110,120,94910
110,120,94910
110,120,94910
110,120,94910
110,120,94910
110,120,94910
110,120,94910
110,120,94910
110,120,94910
110,120,94910
111,112,96117
111,112,96117
111,112,96117
111,112,96117
111,112,96117
111,112,96117
111,112,96117
111,112,96117
111,112,96117
111,112,96117
111,112,96117
111,112,96117
111,112,96117
111,112,96117
111,112,96117
111,112,96117
111,112,96117
112,118,40396
112,118,40396
112,118,40396
112,118,40396
112,118,40396
112,118,40396
112,118,40396
112,118,40396
112,118,40396
112,118,40396
112,118,40396
112,118,40396
112,118,40396
112,118,40396
112,118,40396
112,118,40396
112,118,40396
113,106,25540
113,106,25540
113,106,25540
113,106,25540
113,106,25540
113,106,25540
113,106,25540
113,106,25540
113,106,25540
113,106,25540
113,106,25540
113,106,25540
113,106,25540
113,106,25540
113,106,25540
113,106,25540
113,106,25540
114,105,38438
114,105,38438
114,105,38438
114,105,38438
114,105,38438
114,105,38438
114,105,38438
114,105,38438
114,105,38438
114,105,38438
114,105,38438
114,105,38438
114,105,38438
114,105,38438
114,105,38438
114,105,38438
114,105,38438
115,104,63325
115,104,63325
115,104,63325
115,104,63325
115,104,63325
115,104,63325
115,104,63325
115,104,63325
115,104,63325
115,104,63325
115,104,63325
115,104,63325
115,104,63325
115,104,63325
115,104,63325
115,104,63325
115,104,63325
116,111,42421
116,111,42421
116,111,42421
116,111,42421
116,111,42421
116,111,42421
116,111,42421
116,111,42421
116,111,42421
116,111,42421
116,111,42421
116,111,42421
116,111,42421
116,111,42421
116,111,42421
116,111,42421
116,111,42421
117,114,25370
117,114,25370
117,114,25370
117,114,25370
117,114,25370
117,114,25370
117,114,25370
117,114,25370
117,114,25370
117,114,25370
117,114,25370
117,114,25370
117,114,25370
117,114,25370
117,114,25370
117,114,25370
117,114,25370
118,103,50455
118,103,50455
118,103,50455
118,103,50455
118,103,50455
118,103,50455
118,103,50455
118,103,50455
118,103,50455
118,103,50455
118,103,50455
118,103,50455
118,103,50455
118,103,50455
118,103,50455
118,103,50455
118,103,50455
119,119,36959
119,119,36959
119,119,36959
119,119,36959
119,119,36959
119,119,36959
119,119,36959
119,119,36959
119,119,36959
119,119,36959
119,119,36959
119,119,36959
119,119,36959
119,119,36959
119,119,36959
119,119,36959
119,119,36959
120,115,34069
120,115,34069
120,115,34069
120,115,34069
120,115,34069
120,115,34069
120,115,34069
120,115,34069
120,115,34069
120,115,34069
120,115,34069
120,115,34069
120,115,34069
120,115,34069
120,115,34069
120,115,34069
120,115,34069
121,102,62935
121,102,62935
121,102,62935
121,102,62935
121,102,62935
121,102,62935
121,102,62935
121,102,62935
121,102,62935
121,102,62935
121,102,62935
121,102,62935
121,102,62935
121,102,62935
121,102,62935
121,102,62935
121,102,62935
122,110,41273
122,110,41273
122,110,41273
122,110,41273
122,110,41273
122,110,41273
122,110,41273
122,110,41273
122,110,41273
122,110,41273
122,110,41273
122,110,41273
122,110,41273
122,110,41273
122,110,41273
122,110,41273
122,110,41273
123,109,52547
123,109,52547
123,109,52547
123,109,52547
123,109,52547
123,109,52547
123,109,52547
123,109,52547
123,109,52547
123,109,52547
123,109,52547
123,109,52547
123,109,52547
123,109,52547
123,109,52547
123,109,52547
123,109,52547
124,107,81372
124,107,81372
124,107,81372
124,107,81372
124,107,81372
124,107,81372
124,107,81372
124,107,81372
124,107,81372
124,107,81372
124,107,81372
124,107,81372
124,107,81372
124,107,81372
124,107,81372
124,107,81372
124,107,81372
125,121,89656
125,121,89656
125,121,89656
125,121,89656
125,121,89656
125,121,89656
125,121,89656
125,121,89656
125,121,89656
125,121,89656
125,121,89656
125,121,89656
125,121,89656
125,121,89656
125,121,89656
125,121,89656
125,121,89656
126,111,34228
126,111,34228
126,111,34228
126,111,34228
126,111,34228
126,111,34228
126,111,34228
126,111,34228
126,111,34228
126,111,34228
126,111,34228
126,111,34228
126,111,34228
126,111,34228
126,111,34228
126,111,34228
126,111,34228
127,106,58651
127,106,58651
127,106,58651
127,106,58651
127,106,58651
127,106,58651
127,106,58651
127,106,58651
127,106,58651
127,106,58651
127,106,58651
127,106,58651
127,106,58651
127,106,58651
127,106,58651
127,106,58651
127,106,58651
128,121,60724
128,121,60724
128,121,60724
128,121,60724
128,121,60724
128,121,60724
128,121,60724
128,121,60724
128,121,60724
128,121,60724
128,121,60724
128,121,60724
128,121,60724
128,121,60724
128,121,60724
128,121,60724
128,121,60724
129,102,41877
129,102,41877
129,102,41877
129,102,41877
129,102,41877
129,102,41877
129,102,41877
129,102,41877
129,102,41877
129,102,41877
129,102,41877
129,102,41877
129,102,41877
129,102,41877
129,102,41877
129,102,41877
129,102,41877
130,112,18991
130,112,18991
130,112,18991
130,112,18991
130,112,18991
130,112,18991
130,112,18991
130,112,18991
130,112,18991
130,112,18991
130,112,18991
130,112,18991
130,112,18991
130,112,18991
130,112,18991
130,112,18991
130,112,18991
131,120,78277
131,120,78277
131,120,78277
131,120,78277
131,120,78277
131,120,78277
131,120,78277
131,120,78277
131,120,78277
131,120,78277
131,120,78277
131,120,78277
131,120,78277
131,120,78277
131,120,78277
131,120,78277
131,120,78277
132,108,30123
132,108,30123
132,108,30123
132,108,30123
132,108,30123
132,108,30123
132,108,30123
132,108,30123
132,108,30123
132,108,30123
132,108,30123
132,108,30123
132,108,30123
132,108,30123
132,108,30123
132,108,30123
132,108,30123
133,114,36630
133,114,36630
133,114,36630
133,114,36630
133,114,36630
133,114,36630
133,114,36630
133,114,36630
133,114,36630
133,114,36630
133,114,36630
133,114,36630
133,114,36630
133,114,36630
133,114,36630
133,114,36630
133,114,36630
134,115,56833
134,115,56833
134,115,56833
134,115,56833
134,115,56833
134,115,56833
134,115,56833
134,115,56833
134,115,56833
134,115,56833
134,115,56833
134,115,56833
134,115,56833
134,115,56833
134,115,56833
134,115,56833
134,115,56833
135,105,51371
135,105,51371
135,105,51371
135,105,51371
135,105,51371
135,105,51371
135,105,51371
135,105,51371
135,105,51371
135,105,51371
135,105,51371
135,105,51371
135,105,51371
135,105,51371
135,105,51371
135,105,51371
135,105,51371
136,121,35807
136,121,35807
136,121,35807
136,121,35807
136,121,35807
136,121,35807
136,121,35807
136,121,35807
136,121,35807
136,121,35807
136,121,35807
136,121,35807
136,121,35807
136,121,35807
136,121,35807
136,121,35807
136,121,35807
137,119,66283
137,119,66283
137,119,66283
137,119,66283
137,119,66283
137,119,66283
137,119,66283
137,119,66283
137,119,66283
137,119,66283
137,119,66283
137,119,66283
137,119,66283
137,119,66283
137,119,66283
137,119,66283
137,119,66283
138,117,16719
138,117,16719
138,117,16719
138,117,16719
138,117,16719
138,117,16719
138,117,16719
138,117,16719
138,117,16719
138,117,16719
138,117,16719
138,117,16719
138,117,16719
138,117,16719
138,117,16719
138,117,16719
138,117,16719
139,121,48234
139,121,48234
139,121,48234
139,121,48234
139,121,48234
139,121,48234
139,121,48234
139,121,48234
139,121,48234
139,121,48234
139,121,48234
139,121,48234
139,121,48234
139,121,48234
139,121,48234
139,121,48234
139,121,48234
