<?xml version='1.0' encoding='UTF-8'?>
<com.cloudbees.plugins.credentials.SystemCredentialsProvider plugin="credentials@1.18">
  <domainCredentialsMap class="hudson.util.CopyOnWriteMap$Hash">
    <entry>
      <com.cloudbees.plugins.credentials.domains.Domain>
        <specifications/>
      </com.cloudbees.plugins.credentials.domains.Domain>
      <java.util.concurrent.CopyOnWriteArrayList>
        <com.cloudbees.plugins.credentials.impl.UsernamePasswordCredentialsImpl>
          <scope>GLOBAL</scope>
          <id>f0dd8377-4a84-46db-8bf0-11f2ce68c7b0</id>
          <description></description>
          <username>cgattu</username>
          <password>Yq+9OsM99R4JSzAzRlcAsZREduUSarrZcwrYgFCdkpw=</password>
        </com.cloudbees.plugins.credentials.impl.UsernamePasswordCredentialsImpl>
        <com.cloudbees.plugins.credentials.impl.UsernamePasswordCredentialsImpl>
          <scope>GLOBAL</scope>
          <id>13bce0c1-4406-471c-a0eb-11753a5baef3</id>
          <description></description>
          <username>aqspwc</username>
          <password>xQtJtl61fQEL/Qg/m/HHgnkdcezEksnwVqHzWC5xAS8=</password>
        </com.cloudbees.plugins.credentials.impl.UsernamePasswordCredentialsImpl>
      </java.util.concurrent.CopyOnWriteArrayList>
    </entry>
  </domainCredentialsMap>
</com.cloudbees.plugins.credentials.SystemCredentialsProvider>